First_name,Surname,Height,Weight,Armspan,Wins,Losses,Draws,Total_Fights,Win_Percentage,sex,AHR
Bernardo,Magalhaes,69,155,65,11,3,0,14,0.785714286,male,0.942028986
Artem,Lobov,69,145,65,14,15,1,30,0.483333333,male,0.942028986
Cole,Smith,71,135,67,7,1,0,8,0.875,male,0.943661972
Cody,Garbrandt,68,135,65,11,3,0,14,0.785714286,male,0.955882353
Suman,Mokhtarian,70,145,67,8,1,0,9,0.888888889,male,0.957142857
Frank,Gomez,70,135,67,10,4,0,14,0.714285714,male,0.957142857
Chris,Lytle,71,170,68,31,18,5,54,0.62037037,male,0.957746479
Phil,Hawes,73,185,70,4,1,0,5,0.8,male,0.95890411
Hu,Yaozong,75,205,72,3,2,0,5,0.6,male,0.96
Issei,Tamura,65,135,63,7,4,0,11,0.636363636,male,0.969230769
Adam,Antolin,65,125,63,12,3,0,15,0.8,male,0.969230769
Antonio,Banuelos,65,135,63,19,7,1,27,0.722222222,male,0.969230769
Darren,Uyenoyama,66,125,64,8,5,0,13,0.615384615,male,0.96969697
Marcus,Hicks,66,155,64,9,3,0,12,0.75,male,0.96969697
Brad,Katona,66,135,64,9,2,0,11,0.818181818,male,0.96969697
Ivan,Menjivar,66,145,64,25,12,0,37,0.675675676,male,0.96969697
Cody,Stamann,66,135,64,18,2,0,20,0.9,male,0.96969697
Tateki,Matsuda,67,125,65,10,7,0,17,0.588235294,male,0.970149254
Jianping,Yang,67,145,65,7,4,1,12,0.625,male,0.970149254
Reginaldo,Vieira,67,135,65,14,5,0,19,0.736842105,male,0.970149254
Katsunori,Kikuno,68,145,66,23,8,2,33,0.727272727,male,0.970588235
Naoyuki,Kotani,68,155,66,33,13,7,53,0.688679245,male,0.970588235
Alex,Karalexis,68,155,66,10,6,0,16,0.625,male,0.970588235
Chris,Gutierrez,69,135,67,14,3,0,17,0.823529412,male,0.971014493
Damien,Brown,70,155,68,17,12,0,29,0.586206897,male,0.971428571
Tristan,Connelly,70,170,68,14,6,0,20,0.7,male,0.971428571
Matt,Wiman,70,155,68,16,8,0,24,0.666666667,male,0.971428571
Walel,Watson,71,135,69,9,5,0,14,0.642857143,male,0.971830986
Joe,Gigliotti,71,185,69,7,2,0,9,0.777777778,male,0.971830986
Alessandro,Ricci,71,155,69,10,5,0,15,0.666666667,male,0.971830986
Max,Holloway,71,145,69,21,4,0,25,0.84,male,0.971830986
Tony,DeSouza,72,170,70,10,4,0,14,0.714285714,male,0.972222222
Daniel,Kelly,72,185,70,13,4,0,17,0.764705882,male,0.972222222
Harvey,Park,72,155,70,12,2,0,14,0.857142857,male,0.972222222
Joe,Riggs,72,185,70,41,17,0,58,0.706896552,male,0.972222222
Scott,Smith,72,185,70,17,9,0,26,0.653846154,male,0.972222222
Rick,Glenn,72,145,70,21,6,1,28,0.767857143,male,0.972222222
Laureano,Staropoli,73,170,71,9,1,0,10,0.9,male,0.97260274
Sheldon,Westcott,73,170,71,10,3,1,14,0.75,male,0.97260274
Richardson,Moreira,74,185,72,7,4,0,11,0.636363636,male,0.972972973
Antonio,Arroyo,75,185,73,8,2,0,10,0.8,male,0.973333333
Tom,Breese,75,185,73,11,1,0,12,0.916666667,male,0.973333333
Hans,Stringer,75,205,73,22,7,3,32,0.734375,male,0.973333333
Leon,Shahbazyan,76,170,74,7,1,0,8,0.875,male,0.973684211
Alton,Meeks,77,265,75,3,1,0,4,0.75,male,0.974025974
Jarred,Brooks,63,125,62,14,2,0,16,0.875,male,0.984126984
Ray,Borg,64,135,63,12,4,0,16,0.75,male,0.984375
Yao,Zhikui,65,125,64,2,5,0,7,0.285714286,male,0.984615385
Ian,Entwistle,65,135,64,9,3,0,12,0.75,male,0.984615385
Ian,McCall,65,125,64,13,5,1,19,0.710526316,male,0.984615385
Mark,De La Rosa,66,135,65,11,3,0,14,0.785714286,male,0.984848485
Augusto,Mendes,66,135,65,6,2,0,8,0.75,male,0.984848485
Pedro,Munhoz,66,135,65,18,4,0,22,0.818181818,male,0.984848485
Alex,Perez,66,135,65,22,5,0,27,0.814814815,male,0.984848485
Bruno,Korea,66,135,65,4,2,0,6,0.666666667,male,0.984848485
Joe,Soto,66,135,65,18,7,0,25,0.72,male,0.984848485
Motonobu,Tezuka,67,135,66,19,6,4,29,0.724137931,male,0.985074627
Tim,Elliott,67,135,66,16,9,1,26,0.634615385,male,0.985074627
Miles,Johns,67,135,66,10,0,0,10,1,male,0.985074627
Kenji,Osawa,67,135,66,18,10,2,30,0.633333333,male,0.985074627
Justin,Scoggins,67,125,66,11,5,0,16,0.6875,male,0.985074627
Armando,Villarreal,67,135,66,5,1,0,6,0.833333333,male,0.985074627
Zhenhong,Lv,68,145,67,18,6,0,24,0.75,male,0.985294118
Carlos,Candelario,68,125,67,6,0,0,6,1,male,0.985294118
Song,Yadong,68,135,67,15,4,0,19,0.789473684,male,0.985294118
Justin,Lawrence,68,145,67,5,2,0,7,0.714285714,male,0.985294118
Jared,Papazian,68,135,67,14,9,0,23,0.608695652,male,0.985294118
Sam,Sicilia,68,145,67,15,8,0,23,0.652173913,male,0.985294118
Deividas,Taurosevicius,69,145,68,13,5,0,18,0.722222222,male,0.985507246
Mike,Budnik,69,145,68,11,4,0,15,0.733333333,male,0.985507246
Roger,Bowling,69,155,68,11,5,0,16,0.6875,male,0.985507246
Fernando,Gonzalez,69,170,68,19,11,0,30,0.633333333,male,0.985507246
Jared,Gordon,69,155,68,15,3,0,18,0.833333333,male,0.985507246
Melvin,Guillard,69,155,68,48,15,3,66,0.75,male,0.985507246
Chris,Heatherly,69,155,68,9,3,0,12,0.75,male,0.985507246
Alvin,Robinson,69,155,68,12,6,0,18,0.666666667,male,0.985507246
Manuel,Rodriguez,69,170,68,10,4,0,14,0.714285714,male,0.985507246
Richie,Smullen,69,155,68,3,1,1,5,0.7,male,0.985507246
Austin,Tweedy,69,155,68,10,1,0,11,0.909090909,male,0.985507246
Antonio,Carvalho,69,145,68,15,6,0,21,0.714285714,male,0.985507246
Rocky,Lee,69,145,68,3,2,0,5,0.6,male,0.985507246
Cole,Province,69,145,68,6,2,0,8,0.75,male,0.985507246
Louis,Smolka,69,135,68,16,6,0,22,0.727272727,male,0.985507246
Paddy,Holohan,70,125,69,12,2,1,15,0.833333333,male,0.985714286
Nathan,Coy,70,170,69,15,7,0,22,0.681818182,male,0.985714286
Dale,Hartt,70,155,69,6,3,0,9,0.666666667,male,0.985714286
Will,Kerr,70,155,69,9,3,0,12,0.75,male,0.985714286
James,Wallace,70,155,69,9,2,0,11,0.818181818,male,0.985714286
Seth,Dikun,70,135,69,7,4,0,11,0.636363636,male,0.985714286
Leonard,Garcia,70,145,69,19,11,1,31,0.629032258,male,0.985714286
Horacio,Gutierrez,70,145,69,3,3,0,6,0.5,male,0.985714286
Mike,Santiago,70,145,69,21,12,0,33,0.636363636,male,0.985714286
Hatsu,Hioki,71,145,70,27,9,2,38,0.736842105,male,0.985915493
Gadzhimurad,Antigulov,71,205,70,20,6,0,26,0.769230769,male,0.985915493
Dong Hyun,Ma,71,155,70,16,10,3,29,0.603448276,male,0.985915493
Kazuhiro,Nakamura,71,205,70,15,11,0,26,0.576923077,male,0.985915493
Muslim,Salikhov,71,170,70,15,2,0,17,0.882352941,male,0.985915493
Paul,Felder,71,155,70,17,4,0,21,0.80952381,male,0.985915493
Justin,Gaethje,71,155,70,21,2,0,23,0.913043478,male,0.985915493
Andrew,Holbrook,71,155,70,12,3,0,15,0.8,male,0.985915493
Roger,Hollett,71,205,70,13,5,0,18,0.722222222,male,0.985915493
Kurt,Holobaugh,71,155,70,17,7,0,24,0.708333333,male,0.985915493
Norman,Parke,71,155,70,22,5,1,28,0.803571429,male,0.985915493
Tony,Sims,71,155,70,12,4,0,16,0.75,male,0.985915493
Cory,Sandhagen,71,135,70,12,1,0,13,0.923076923,male,0.985915493
Steven,Siler,71,145,70,23,13,0,36,0.638888889,male,0.985915493
Jingliang,Li,72,170,71,17,5,0,22,0.772727273,male,0.986111111
Shane,Campbell,72,155,71,12,6,0,18,0.666666667,male,0.986111111
Rory,Markham,72,170,71,16,6,0,22,0.727272727,male,0.986111111
Jonathan,Pearce,72,155,71,9,4,0,13,0.692307692,male,0.986111111
Wagner,Silva,72,170,71,3,3,0,6,0.5,male,0.986111111
Colton,Smith,72,155,71,6,4,0,10,0.6,male,0.986111111
Kenan,Song,72,170,71,15,5,0,20,0.75,male,0.986111111
Alex,White,72,155,71,13,5,0,18,0.722222222,male,0.986111111
Jacare,Souza,73,185,72,26,7,0,33,0.787878788,male,0.98630137
Paulo,Costa,73,185,72,13,0,0,13,1,male,0.98630137
Pascal,Krauss,73,170,72,11,2,0,13,0.846153846,male,0.98630137
Demian,Maia,73,170,72,27,9,0,36,0.75,male,0.98630137
Garreth,McLellan,73,185,72,13,6,0,19,0.684210526,male,0.98630137
Jason,Miller,73,185,72,34,10,0,44,0.772727273,male,0.98630137
Ken,Shamrock,73,205,72,28,16,2,46,0.630434783,male,0.98630137
Martin,Svensson,73,155,72,14,6,0,20,0.7,male,0.98630137
George,Roop,73,135,72,15,13,1,29,0.534482759,male,0.98630137
Alan,Belcher,74,185,73,17,7,0,24,0.708333333,male,0.986486486
Mirko,Cro Cop,74,230,73,31,11,2,44,0.727272727,male,0.986486486
James,Krause,74,170,73,25,8,0,33,0.757575758,male,0.986486486
Mike,Massenzio,74,185,73,13,6,0,19,0.684210526,male,0.986486486
Jarjis,Danho,75,265,74,6,1,1,8,0.8125,male,0.986666667
Junior,Albini,75,264,74,14,6,0,20,0.7,male,0.986666667
Seth,Baczynski,75,170,74,18,11,0,29,0.620689655,male,0.986666667
Cody,Donovan,75,205,74,8,5,0,13,0.615384615,male,0.986666667
Cody,East,75,245,74,12,3,0,15,0.8,male,0.986666667
Mario,Miranda,75,185,74,12,3,0,15,0.8,male,0.986666667
Tito,Ortiz,75,205,74,17,11,1,29,0.603448276,male,0.986666667
Marcin,Prachnio,75,205,74,13,4,0,17,0.764705882,male,0.986666667
Kalib,Starnes,75,185,74,12,7,1,20,0.625,male,0.986666667
Alexander,Yakovlev,75,155,74,24,8,1,33,0.742424242,male,0.986666667
Steve,Montgomery,76,185,75,8,4,0,12,0.666666667,male,0.986842105
Anthony,Hamilton,77,260,76,15,9,0,24,0.625,male,0.987012987
Matt,Van Buren,77,205,76,7,4,0,11,0.636363636,male,0.987012987
Luke,Barnatt,78,185,77,8,3,0,11,0.727272727,male,0.987179487
Ricardo,Prasel,79,238,78,10,1,0,11,0.909090909,male,0.987341772
Jack,May,80,255,79,7,2,0,9,0.777777778,male,0.9875
Raoni,Barcelos,67,135,67,14,1,0,15,0.933333333,male,1
Magomed,Bibulatov,65,125,65,14,2,0,16,0.875,male,1
Wuliji,Buren,69,135,69,10,7,0,17,0.588235294,male,1
Dooho,Choi,70,145,70,14,3,0,17,0.823529412,male,1
Masio,Fullen,70,145,70,10,6,0,16,0.625,male,1
Azamat,Gashimov,66,125,66,10,3,0,13,0.769230769,male,1
Sung Bin,Jo,72,145,72,9,1,0,10,0.9,male,1
Masanori,Kanehara,67,135,67,25,13,5,43,0.639534884,male,1
Noad,Lahat,69,145,69,9,2,0,11,0.818181818,male,1
Dileno,Lopes,65,135,65,19,3,0,22,0.863636364,male,1
Zabit,Magomedsharipov,73,145,73,17,1,0,18,0.944444444,male,1
Yui Chul,Nam,69,145,69,18,6,1,25,0.74,male,1
Ning,Guangyou,64,145,64,6,4,1,11,0.590909091,male,1
Alptekin,Ozkilic,65,125,65,9,4,0,13,0.692307692,male,1
Fredson,Paixao,66,145,66,10,4,0,14,0.714285714,male,1
Jumabieke,Tuerxun,67,135,67,17,3,1,21,0.833333333,male,1
Zubaira,Tukhugov,68,145,68,18,4,1,23,0.804347826,male,1
Aiemann,Zahabi,68,135,68,7,2,0,9,0.777777778,male,1
Humberto,Bandenay,71,145,71,14,7,0,21,0.666666667,male,1
Mario,Bautista,69,135,69,7,1,0,8,0.875,male,1
Matt,Bessette,70,145,70,22,9,0,31,0.709677419,male,1
JP,Buys,66,125,66,4,1,0,5,0.8,male,1
Alex,Torres,70,145,70,2,2,0,4,0.5,male,1
Royston,Wee,67,135,67,4,1,0,5,0.8,male,1
Rob,Whiteford,69,145,69,12,4,0,16,0.75,male,1
Petr,Yan,67,135,67,13,1,0,14,0.928571429,male,1
Akira,Corassani,68,145,68,14,7,0,21,0.666666667,male,1
Magomed,Ankalaev,75,205,75,11,1,0,12,0.916666667,male,1
CM,Punk,73,170,73,0,2,0,2,0,male,1
Hayder,Hassan,70,170,70,6,3,0,9,0.666666667,male,1
Kuniyoshi,Hironaka,70,168,70,19,8,0,27,0.703703704,male,1
Mizuto,Hirota,67,155,67,19,10,2,31,0.64516129,male,1
Rampage,Jackson,73,205,73,36,11,0,47,0.765957447,male,1
Cung,Le,69,185,69,9,3,0,12,0.75,male,1
Khabib,Nurmagomedov,70,155,70,28,0,0,28,1,male,1
Carlos Eduardo,Rocha,70,170,70,9,2,0,11,0.818181818,male,1
Tarec,Saffiedine,70,170,70,16,7,0,23,0.695652174,male,1
Edmen,Shahbazyan,74,185,74,10,0,0,10,1,male,1
Dmitrii,Smoliakov,74,253,74,9,3,0,12,0.75,male,1
Gasan,Umalatov,71,170,71,15,5,1,21,0.738095238,male,1
Zhang,Lipeng,71,155,71,9,9,1,19,0.5,male,1
Daichi,Abe,71,170,71,6,2,0,8,0.75,male,1
Houston,Alexander,72,205,72,13,8,1,22,0.613636364,male,1
John,Allan,75,205,75,13,5,0,18,0.722222222,male,1
Eddie,Alvarez,69,155,69,29,6,0,35,0.828571429,male,1
Dylan,Andrews,73,185,73,18,8,0,26,0.692307692,male,1
Cesar,Arzamendia,71,155,71,7,4,0,11,0.636363636,male,1
Teddy,Ash,73,185,73,14,4,0,18,0.777777778,male,1
Scott,Askham,75,185,75,14,4,0,18,0.777777778,male,1
Ryan,Bader,74,205,74,23,5,0,28,0.821428571,male,1
Miguel,Baeza,74,170,74,8,0,0,8,1,male,1
Marcin,Bandel,70,155,70,13,4,0,17,0.764705882,male,1
Bryan,Barberena,72,170,72,14,7,0,21,0.666666667,male,1
Dennis,Bermudez,66,155,66,18,9,0,27,0.666666667,male,1
Jason,Brilz,71,205,71,18,5,1,24,0.770833333,male,1
Rob,Broughton,74,265,74,15,7,1,23,0.673913043,male,1
Dennis,Bryant,72,205,72,5,1,0,6,0.833333333,male,1
Nick,Catone,72,185,72,10,4,0,14,0.714285714,male,1
Rafael,Feijao,73,205,73,12,7,0,19,0.631578947,male,1
Donald,Cerrone,73,155,73,36,13,0,49,0.734693878,male,1
Chris,Clements,70,170,70,12,6,0,18,0.666666667,male,1
Chris,Cope,72,170,72,5,4,0,9,0.555555556,male,1
Patrick,Cote,71,170,71,24,11,0,35,0.685714286,male,1
Tim,Credeur,75,185,75,12,4,0,16,0.75,male,1
Jimmy,Crute,74,205,74,10,1,0,11,0.909090909,male,1
Claudio,Silva,71,170,71,14,1,0,15,0.933333333,male,1
Marcus,Davis,70,170,70,20,9,0,29,0.689655172,male,1
Mike,Davis,72,155,72,8,2,0,10,0.8,male,1
Jason,Day,72,185,72,19,12,0,31,0.612903226,male,1
Danny,Downes,72,155,72,8,3,0,11,0.727272727,male,1
Evan,Dunham,70,155,70,18,8,1,27,0.685185185,male,1
Luiz,Dutra,71,170,71,11,4,1,16,0.71875,male,1
Matt,Dwyer,76,170,76,8,4,0,12,0.666666667,male,1
Justin,Edwards,70,155,70,9,5,0,14,0.642857143,male,1
Leon,Edwards,74,170,74,18,3,0,21,0.857142857,male,1
Terry,Etim,73,155,73,15,5,0,20,0.75,male,1
Billy,Evangelista,68,155,68,11,2,0,13,0.846153846,male,1
Drew,Fickett,70,155,70,41,16,0,57,0.719298246,male,1
Mickey,Gall,74,170,74,6,2,0,8,0.75,male,1
Marcelo,Golm,75,249,75,6,3,0,9,0.666666667,male,1
Jason,Gonzalez,74,155,74,11,5,0,16,0.6875,male,1
Alex,Gorgees,74,155,74,7,1,0,8,0.875,male,1
Chad,Griggs,73,205,73,11,3,0,14,0.785714286,male,1
Garrett,Gross,69,155,69,11,6,0,17,0.647058824,male,1
Chris,Gruetzemacher,68,155,68,14,3,0,17,0.823529412,male,1
John,Gunderson,69,155,69,32,12,2,46,0.717391304,male,1
Tim,Hague,76,260,76,13,5,0,18,0.722222222,male,1
Jared,Hamman,75,185,75,13,6,0,19,0.684210526,male,1
Walt,Harris,77,250,77,13,7,0,20,0.65,male,1
James,Head,73,170,73,9,4,0,13,0.692307692,male,1
Nick,Hein,66,155,66,14,5,0,19,0.736842105,male,1
Johny,Hendricks,69,185,69,18,8,0,26,0.692307692,male,1
Luis,Henrique,74,243,74,10,5,0,15,0.666666667,male,1
Dave,Herman,76,242,76,21,6,0,27,0.777777778,male,1
Scott,Holtzman,69,155,69,13,3,0,16,0.8125,male,1
Darrell,Horcher,70,155,70,13,4,0,17,0.764705882,male,1
Chris,Horodecki,69,155,69,18,3,1,22,0.840909091,male,1
Adam,Hunter,73,185,73,7,1,0,8,0.875,male,1
Al,Iaquinta,70,155,70,14,6,1,21,0.69047619,male,1
Aaron,Jeffery,74,185,74,6,1,0,7,0.857142857,male,1
Ryan,Jimmo,73,205,73,19,5,0,24,0.791666667,male,1
Charles,Jourdain,69,155,69,9,2,0,11,0.818181818,male,1
Dustin,Joynson,78,244,78,5,0,0,5,1,male,1
Martin,Kampmann,72,170,72,20,7,0,27,0.740740741,male,1
Yusuke,Kasuya,67,155,67,9,3,2,14,0.714285714,male,1
Steve,Kennedy,71,170,71,22,8,0,30,0.733333333,male,1
Jeremy,Kimball,72,205,72,15,8,0,23,0.652173913,male,1
Mike,King,75,185,75,5,1,0,6,0.833333333,male,1
Kyle,Kingsbury,76,205,76,11,6,0,17,0.647058824,male,1
Jason,Lambert,75,185,75,25,12,0,37,0.675675676,male,1
Brock,Larson,71,170,71,33,6,0,39,0.846153846,male,1
Giacomo,Lemos,75,247,75,6,0,0,6,1,male,1
Nik,Lentz,68,155,68,30,10,2,42,0.738095238,male,1
Jake,Lindsey,71,155,71,9,3,0,12,0.75,male,1
Abner,Lloveras,71,155,71,19,8,1,28,0.696428571,male,1
Michael,Lombardo,72,185,72,8,1,0,9,0.888888889,male,1
Duane,Ludwig,70,170,70,29,14,0,43,0.674418605,male,1
Don,Madge,72,155,72,9,3,1,13,0.730769231,male,1
Jon,Madsen,72,240,72,7,1,0,8,0.875,male,1
Leonardo,Mafra,70,155,70,12,3,0,15,0.8,male,1
Caio,Magalhaes,73,185,73,9,3,0,12,0.75,male,1
John,Maguire,69,155,69,18,6,0,24,0.75,male,1
John,Makdessi,68,155,68,17,6,0,23,0.739130435,male,1
Islam,Makhachev,70,155,70,18,1,0,19,0.947368421,male,1
Rob,McCullough,69,155,69,19,8,0,27,0.703703704,male,1
Justin,McCully,73,225,73,10,5,2,17,0.647058824,male,1
Bubba,McDaniel,75,185,75,21,8,0,29,0.724137931,male,1
Drew,McFedries,72,185,72,10,6,0,16,0.625,male,1
Cody,McKenzie,72,155,72,14,4,0,18,0.777777778,male,1
Jonathan,Meunier,75,170,75,8,1,0,9,0.888888889,male,1
Danny,Mitchell,74,170,74,14,6,1,21,0.69047619,male,1
Augusto,Montano,73,170,73,15,3,0,18,0.833333333,male,1
Sergio,Moraes,72,170,72,14,6,1,21,0.69047619,male,1
Vinicius,Moreira,76,205,76,9,4,0,13,0.692307692,male,1
Mark,Munoz,72,185,72,14,6,0,20,0.7,male,1
Elvis,Mutapcic,72,185,72,15,5,1,21,0.738095238,male,1
Stanislav,Nedkov,71,205,71,12,2,0,14,0.857142857,male,1
Roy,Nelson,72,263,72,23,14,0,37,0.621621622,male,1
Kyle,Nelson,71,155,71,13,3,0,16,0.8125,male,1
Luis,Pena,75,155,75,7,2,0,9,0.777777778,male,1
Michel,Pereira,73,170,73,23,10,0,33,0.696969697,male,1
Markus,Perez,73,185,73,11,2,0,13,0.846153846,male,1
Anthony,Perosh,75,205,75,15,10,0,25,0.6,male,1
Kyle,Prepolec,70,170,70,12,7,0,19,0.631578947,male,1
Nate,Quarry,72,185,72,12,4,0,16,0.75,male,1
Jimmy,Quinlan,72,185,72,3,1,1,5,0.7,male,1
Polo,Reyes,71,155,71,8,8,0,16,0.5,male,1
Jorge,Rivera,73,185,73,19,9,0,28,0.678571429,male,1
Mike,Russow,73,255,73,15,3,0,18,0.833333333,male,1
Jason,Saggo,71,155,71,12,4,0,16,0.75,male,1
Alessio,Sakara,72,185,72,19,11,0,30,0.633333333,male,1
Eddie,Sanchez,74,230,74,13,5,0,18,0.722222222,male,1
Bruno,Santos,69,185,69,14,2,0,16,0.875,male,1
Eric,Schafer,75,185,75,14,7,2,23,0.652173913,male,1
Alex,Serdyukov,74,170,74,8,5,0,13,0.615384615,male,1
Kamal,Shalorus,68,155,68,7,3,2,12,0.666666667,male,1
Jake,Shields,72,170,72,29,7,1,37,0.797297297,male,1
Thiago,Silva,74,205,74,16,3,0,19,0.842105263,male,1
Everett,Sims,77,260,77,4,1,0,5,0.8,male,1
Trevor,Smith,75,185,75,15,9,0,24,0.625,male,1
Anthony,Smith,76,205,76,32,14,0,46,0.695652174,male,1
Eric,Spicely,73,185,73,12,6,0,18,0.666666667,male,1
Josh,Stansbury,74,205,74,8,5,0,13,0.615384615,male,1
Steve,Steinbeiss,75,185,75,7,4,0,11,0.636363636,male,1
Tim,Sylvia,80,265,80,30,7,0,37,0.810810811,male,1
Paul,Taylor,72,155,72,11,6,1,18,0.638888889,male,1
Brandon,Thatch,74,170,74,11,5,0,16,0.6875,male,1
Andrew,Todhunter,72,185,72,8,0,0,8,1,male,1
Michael,Trizano,71,155,71,9,1,0,10,0.9,male,1
Wellington,Turman,72,185,72,15,3,0,18,0.833333333,male,1
Isaac,Vallie-Flagg,68,155,68,14,6,1,21,0.69047619,male,1
Chris,Wade,70,155,70,12,3,0,15,0.8,male,1
Patrick,Walsh,71,185,71,5,3,0,8,0.625,male,1
Sai,Wang,72,170,72,8,5,1,14,0.607142857,male,1
Tom,Watson,73,185,73,17,9,0,26,0.653846154,male,1
Garett,Whiteley,72,155,72,8,3,0,11,0.727272727,male,1
Luke,Zachrich,74,185,74,14,4,0,18,0.777777778,male,1
John,Albert,68,135,68,7,5,0,12,0.583333333,male,1
Austin,Arnett,72,145,72,16,6,0,22,0.727272727,male,1
Chase,Beebe,67,135,67,19,8,1,28,0.696428571,male,1
Chico,Camus,66,125,66,14,7,0,21,0.666666667,male,1
Bryan,Caraway,68,135,68,21,10,0,31,0.677419355,male,1
Chris,Cariaso,63,125,63,17,8,0,25,0.68,male,1
Henry,Cejudo,64,135,64,15,2,0,17,0.882352941,male,1
Will,Chope,76,145,76,19,6,0,25,0.76,male,1
Dominick,Cruz,68,135,68,22,2,0,24,0.916666667,male,1
Mike,de la Torre,71,145,71,14,7,0,21,0.666666667,male,1
Mark,Eddiva,68,145,68,6,3,0,9,0.666666667,male,1
Chris,Fishgold,68,145,68,18,3,1,22,0.840909091,male,1
Mitch,Gagnon,65,135,65,12,5,0,17,0.705882353,male,1
Pablo,Garza,73,145,73,13,4,0,17,0.764705882,male,1
Louis,Gaudinot,63,125,63,6,4,0,10,0.6,male,1
Ulysses,Gomez,66,125,66,9,4,0,13,0.692307692,male,1
Ryan,Hall,70,145,70,8,1,0,9,0.888888889,male,1
Phil,Harris,64,125,64,22,12,0,34,0.647058824,male,1
Junior,Hernandez,69,135,69,14,6,0,20,0.7,male,1
Matt,Hobar,70,135,70,9,3,0,12,0.75,male,1
Chris,Holdsworth,71,135,71,7,0,0,7,1,male,1
Mark,Hominick,68,145,68,20,12,0,32,0.625,male,1
Damon,Jackson,71,145,71,9,1,1,11,0.863636364,male,1
Cris,Cyborg,68,145,68,21,2,0,23,0.913043478,male,1
Brian,Kelleher,66,135,66,19,10,0,29,0.655172414,male,1
Jeremy,Kennedy,71,145,71,11,1,0,12,0.916666667,male,1
Jeremy,Larsen,70,145,70,8,5,0,13,0.615384615,male,1
Vaughan,Lee,66,125,66,14,11,1,26,0.557692308,male,1
Brendan,Loughnane,70,145,70,16,4,0,20,0.8,male,1
Ryan,MacDonald,71,135,71,10,2,0,12,0.833333333,male,1
Levan,Makashvili,68,145,68,10,2,1,13,0.807692308,male,1
Zach,Makovsky,64,125,64,19,8,0,27,0.703703704,male,1
Lucas,Martins,72,145,72,16,3,0,19,0.842105263,male,1
Chad,Mendes,66,145,66,18,5,0,23,0.782608696,male,1
Nicco,Montano,65,135,65,5,3,0,8,0.625,male,1
John,Moraga,66,125,66,19,7,0,26,0.730769231,male,1
Leonardo,Morales,68,135,68,5,2,0,7,0.714285714,male,1
Vince,Murdock,66,145,66,12,3,0,15,0.8,male,1
Ben,Nguyen,65,125,65,17,8,0,25,0.68,male,1
Matheus,Nicolau,66,125,66,13,3,1,17,0.794117647,male,1
Tom,Niinimaki,69,145,69,21,8,1,30,0.716666667,male,1
Dustin,Ortiz,65,125,65,19,8,0,27,0.703703704,male,1
Damacio,Page,66,135,66,12,8,0,20,0.6,male,1
Erik,Perez,68,135,68,17,6,0,23,0.739130435,male,1
Steven,Peterson,70,145,70,18,9,0,27,0.666666667,male,1
Paul,Redmond,70,145,70,10,6,0,16,0.625,male,1
Francisco,Rivera,68,135,68,11,7,0,18,0.611111111,male,1
Yair,Rodriguez,71,145,71,13,2,0,15,0.866666667,male,1
Charles,Rosa,69,145,69,12,3,0,15,0.8,male,1
Frankie,Saenz,66,135,66,13,6,0,19,0.684210526,male,1
Roman,Salazar,67,135,67,9,4,0,13,0.692307692,male,1
Boston,Salmon,69,135,69,6,3,0,9,0.666666667,male,1
Joshua,Sampo,64,125,64,11,5,0,16,0.6875,male,1
Roberto,Sanchez,66,125,66,8,2,0,10,0.8,male,1
Richie,Santiago,67,135,67,7,1,0,8,0.875,male,1
Neil,Seery,64,125,64,16,13,0,29,0.551724138,male,1
Gavin,Tucker,66,145,66,11,1,0,12,0.916666667,male,1
Nick,Urso,66,125,66,10,3,0,13,0.769230769,male,1
Milton,Vieira,72,145,72,13,8,2,23,0.608695652,male,1
Stefan,Struve,83,265,84,33,11,0,44,0.75,male,1.012048193
Maurice,Greene,79,258,80,8,3,0,11,0.727272727,male,1.012658228
Alexander,Volkov,79,250,80,30,7,0,37,0.810810811,male,1.012658228
Travis,Browne,78,255,79,18,7,1,26,0.711538462,male,1.012820513
Junior,Dos Santos,76,238,77,21,6,0,27,0.777777778,male,1.013157895
Mark,Godbeer,76,240,77,13,4,0,17,0.764705882,male,1.013157895
Mike,Kyle,76,205,77,19,9,1,29,0.672413793,male,1.013157895
James,McSweeney,76,230,77,6,9,0,15,0.4,male,1.013157895
Nick,Penner,76,205,77,12,3,0,15,0.8,male,1.013157895
Dominick,Reyes,76,205,77,12,0,0,12,1,male,1.013157895
Fabricio,Werdum,76,231,77,23,8,1,32,0.734375,male,1.013157895
Nandor,Guelmino,75,230,76,11,5,1,17,0.676470588,male,1.013333333
Chibwikem,Onyenegecha-Palmer,75,185,76,6,0,0,6,1,male,1.013333333
Shamil,Abdurakhimov,75,235,76,20,5,0,25,0.8,male,1.013333333
Marcos,Brigagao,75,205,76,11,1,0,12,0.916666667,male,1.013333333
Joachim,Christensen,75,205,76,14,6,0,20,0.7,male,1.013333333
Paul,Craig,75,205,76,12,4,0,16,0.75,male,1.013333333
Allen,Crowder,75,245,76,10,4,0,14,0.714285714,male,1.013333333
Henrique,da Silva,75,205,76,14,5,0,19,0.736842105,male,1.013333333
Kyle,Daukaus,75,185,76,6,0,0,6,1,male,1.013333333
Ryan,Janes,75,185,76,10,3,0,13,0.769230769,male,1.013333333
Adam,Milstead,75,205,76,8,3,0,11,0.727272727,male,1.013333333
Quinn,Mulhern,75,155,76,18,4,0,22,0.818181818,male,1.013333333
Jake,O'Brien,75,205,76,13,4,0,17,0.764705882,male,1.013333333
Brandon,Vera,75,230,76,12,7,0,19,0.631578947,male,1.013333333
James,Vick,75,155,76,13,5,0,18,0.722222222,male,1.013333333
Gian,Villante,75,205,76,17,11,0,28,0.607142857,male,1.013333333
Herdem,Alacabek,74,205,75,5,1,0,6,0.833333333,male,1.013513514
Dhiego,Lima,74,170,75,17,7,0,24,0.708333333,male,1.013513514
Makhmud,Muradov,74,185,75,23,6,0,29,0.793103448,male,1.013513514
Volkan,Oezdemir,74,205,75,16,4,0,20,0.8,male,1.013513514
Yushin,Okami,74,170,75,35,12,0,47,0.744680851,male,1.013513514
Brendan,Allen,74,185,75,13,3,0,16,0.8125,male,1.013513514
Sam,Alvey,74,205,75,33,13,0,46,0.717391304,male,1.013513514
Tanner,Boser,74,255,75,17,5,1,23,0.760869565,male,1.013513514
Steve,Cantwell,74,185,75,7,6,0,13,0.538461538,male,1.013513514
Carlos,Condit,74,170,75,30,13,0,43,0.697674419,male,1.013513514
Jesse,Forbes,74,185,75,15,5,0,20,0.75,male,1.013513514
James,Irvin,74,205,75,15,9,0,24,0.625,male,1.013513514
Julian,Marquez,74,185,75,7,2,0,9,0.777777778,male,1.013513514
Tim,Means,74,170,75,28,11,1,40,0.7125,male,1.013513514
Rogerio,Nogueira,74,205,75,23,9,0,32,0.71875,male,1.013513514
Ruan,Potts,74,247,75,8,4,0,12,0.666666667,male,1.013513514
Chance,Rencountre,74,170,75,14,3,0,17,0.823529412,male,1.013513514
Nick,Roehrick,74,205,75,7,1,0,8,0.875,male,1.013513514
Jared,Rosholt,74,265,75,14,3,0,17,0.823529412,male,1.013513514
Ron,Stallings,74,170,75,13,8,0,21,0.619047619,male,1.013513514
James,Te Huna,74,185,75,18,9,0,27,0.666666667,male,1.013513514
Jonathan,Wilson,74,205,75,7,3,0,10,0.7,male,1.013513514
Niklas,Backstrom,73,145,74,8,2,0,10,0.8,male,1.01369863
Marc-Andre,Barriault,73,185,74,11,3,0,14,0.785714286,male,1.01369863
Lyoto,Machida,73,185,74,24,8,0,32,0.75,male,1.01369863
Chael,Sonnen,73,205,74,29,14,1,44,0.670454545,male,1.01369863
Nordine,Taleb,73,170,74,15,7,0,22,0.681818182,male,1.01369863
Dusko,Todorovic,73,185,74,8,0,0,8,1,male,1.01369863
Marcel,Fortuna,73,205,74,9,3,0,12,0.75,male,1.01369863
Clay,Harvison,73,170,74,9,3,0,12,0.75,male,1.01369863
Jeremy,Horn,73,185,74,88,21,5,114,0.793859649,male,1.01369863
Sergey,Khandozhko,73,170,74,27,5,1,33,0.833333333,male,1.01369863
Ryan,LaFlare,73,170,74,14,3,0,17,0.823529412,male,1.01369863
Dan,Miller,73,185,74,14,8,0,22,0.636363636,male,1.01369863
Mats,Nilsson,73,170,74,11,4,1,16,0.71875,male,1.01369863
Sean,O'Connell,73,205,74,17,9,0,26,0.653846154,male,1.01369863
Mike,Rhodes,73,170,74,6,4,0,10,0.6,male,1.01369863
Matthew,Riddle,73,170,74,7,3,0,10,0.7,male,1.01369863
Karl,Roberson,73,185,74,8,2,0,10,0.8,male,1.01369863
Danny,Roberts,73,170,74,16,5,0,21,0.761904762,male,1.01369863
Roosevelt,Roberts,73,155,74,8,1,0,9,0.888888889,male,1.01369863
John,Salter,73,185,74,8,2,0,10,0.8,male,1.01369863
Andrew,Sanchez,73,185,74,12,5,0,17,0.705882353,male,1.01369863
Jorge,Santiago,73,170,74,25,11,0,36,0.694444444,male,1.01369863
Josh,Shockley,73,155,74,11,4,0,15,0.733333333,male,1.01369863
Brian,Stann,73,205,74,12,6,0,18,0.666666667,male,1.01369863
Brad,Tavares,73,185,74,17,6,0,23,0.739130435,male,1.01369863
Nick,Thompson,73,170,74,38,14,1,53,0.726415094,male,1.01369863
Julian,Erosa,73,145,74,22,9,0,31,0.709677419,male,1.01369863
Lance,Lawrence,73,145,74,5,1,0,6,0.833333333,male,1.01369863
Cole,Miller,73,145,74,21,11,0,32,0.65625,male,1.01369863
Jonathan,Brookins,72,145,73,14,6,0,20,0.7,male,1.013888889
Jessin,Ayari,72,155,73,16,5,0,21,0.761904762,male,1.013888889
Valmir,Lazaro,72,155,73,13,4,0,17,0.764705882,male,1.013888889
Anthony Rocco,Martin,72,170,73,16,5,0,21,0.761904762,male,1.013888889
Gokhan,Saki,72,205,73,1,2,0,3,0.333333333,male,1.013888889
Omari,Akhmedov,72,185,73,19,4,1,24,0.8125,male,1.013888889
Keith,Berish,72,205,73,5,1,0,6,0.833333333,male,1.013888889
Justin,Buchholz,72,155,73,12,6,0,18,0.666666667,male,1.013888889
Bubba,Bush,72,185,73,8,3,0,11,0.727272727,male,1.013888889
Brian,Ebersole,72,170,73,51,17,1,69,0.746376812,male,1.013888889
Jonathan,Goulet,72,170,73,23,12,0,35,0.657142857,male,1.013888889
Marcelo,Guimaraes,72,185,73,9,2,1,12,0.791666667,male,1.013888889
Leonardo,Augusto Leleco,72,185,73,11,3,0,14,0.785714286,male,1.013888889
Alan,Jouban,72,170,73,16,7,0,23,0.695652174,male,1.013888889
Michael,Kuiper,72,185,73,12,3,0,15,0.8,male,1.013888889
Carmelo,Marrero,72,205,73,14,5,0,19,0.736842105,male,1.013888889
Jack,Marshman,72,185,73,23,9,0,32,0.71875,male,1.013888889
Jordan,Mein,72,170,73,31,12,0,43,0.720930233,male,1.013888889
Joe,Merritt,72,170,73,6,1,0,7,0.857142857,male,1.013888889
Erick,Montano,72,170,73,8,5,0,13,0.615384615,male,1.013888889
Dan,Moret,72,155,73,13,6,0,19,0.684210526,male,1.013888889
Pawel,Pawlak,72,170,73,11,2,0,13,0.846153846,male,1.013888889
Santiago,Ponzinibbio,72,170,73,28,3,0,31,0.903225806,male,1.013888889
Devin,Powell,72,155,73,9,4,0,13,0.692307692,male,1.013888889
Greg,Rebello,72,240,73,24,8,0,32,0.75,male,1.013888889
Yoel,Romero,72,185,73,13,4,0,17,0.764705882,male,1.013888889
Paul,Sass,72,155,73,13,2,0,15,0.866666667,male,1.013888889
Aaron,Simpson,72,170,73,11,4,0,15,0.733333333,male,1.013888889
George,Sullivan,72,170,73,17,7,0,24,0.708333333,male,1.013888889
Jesse,Taylor,72,170,73,33,15,0,48,0.6875,male,1.013888889
Rodolfo,Vieira,72,185,73,6,0,0,6,1,male,1.013888889
Richard,Walsh,72,170,73,9,6,0,15,0.6,male,1.013888889
Curt,Warburton,72,155,73,7,3,0,10,0.7,male,1.013888889
Brok,Weaver,72,170,73,14,4,0,18,0.777777778,male,1.013888889
Robert,Whittaker,72,185,73,21,5,0,26,0.807692308,male,1.013888889
Cole,Williams,72,170,73,11,2,0,13,0.846153846,male,1.013888889
Bill,Algeo,72,145,73,12,3,0,15,0.8,male,1.013888889
Danny,Henry,72,145,73,12,3,0,15,0.8,male,1.013888889
Domingo,Pilarte,72,135,73,8,2,0,10,0.8,male,1.013888889
Warlley,Alves,71,170,72,14,3,0,17,0.823529412,male,1.014084507
Galore,Bofando,71,170,72,5,3,0,8,0.625,male,1.014084507
Punahele,Soriano,71,185,72,5,0,0,5,1,male,1.014084507
Hector,Aldana,71,170,72,4,4,0,8,0.5,male,1.014084507
Steve,Bosse,71,205,72,12,2,0,14,0.857142857,male,1.014084507
John,Cholish,71,155,72,8,3,0,11,0.727272727,male,1.014084507
Daniel,Cormier,71,235,72,22,2,0,24,0.916666667,male,1.014084507
Colby,Covington,71,170,72,15,1,0,16,0.9375,male,1.014084507
David,Heath,71,205,72,16,7,0,23,0.695652174,male,1.014084507
Ian,Heinisch,71,185,72,13,2,0,15,0.866666667,male,1.014084507
Luke,Jumeau,71,170,72,13,5,0,18,0.722222222,male,1.014084507
Lorenz,Larkin,71,170,72,18,5,0,23,0.782608696,male,1.014084507
Reza,Madadi,71,155,72,14,6,0,20,0.7,male,1.014084507
Alex,Morono,71,170,72,17,5,0,22,0.772727273,male,1.014084507
Belal,Muhammad,71,170,72,16,3,0,19,0.842105263,male,1.014084507
Josh,Neer,71,170,72,33,13,1,47,0.712765957,male,1.014084507
Gunnar,Nelson,71,170,72,17,5,1,23,0.760869565,male,1.014084507
Zak,Ottow,71,170,72,17,7,0,24,0.708333333,male,1.014084507
Carlo,Prater,71,155,72,30,12,1,43,0.709302326,male,1.014084507
Claudio,Puelles,71,155,72,10,2,0,12,0.833333333,male,1.014084507
Anton,Zafir,71,170,72,7,3,0,10,0.7,male,1.014084507
Renato,Moicano,71,145,72,13,3,1,17,0.794117647,male,1.014084507
Calvin,Kattar,71,145,72,20,3,0,23,0.869565217,male,1.014084507
Sean,O'Malley,71,135,72,10,0,0,10,1,male,1.014084507
Peter,Petties,71,145,72,5,3,0,8,0.625,male,1.014084507
Chas,Skelly,71,145,72,18,4,0,22,0.818181818,male,1.014084507
Nohelin,Hernandez,70,135,71,10,4,0,14,0.714285714,male,1.014285714
Ulka,Sasaki,70,125,71,21,6,2,29,0.75862069,male,1.014285714
Johnny,Bedford,70,135,71,19,13,1,33,0.590909091,male,1.014285714
Humberto,Brown,70,145,71,4,5,0,9,0.444444444,male,1.014285714
Akbarh,Arreola,70,155,71,23,10,1,34,0.691176471,male,1.014285714
Kiichi,Kunimoto,70,170,71,18,7,2,27,0.703703704,male,1.014285714
Takenori,Sato,70,170,71,17,10,7,34,0.602941176,male,1.014285714
Gleison,Tibau,70,155,71,40,14,0,54,0.740740741,male,1.014285714
Dongi,Yang,70,185,71,13,3,0,16,0.8125,male,1.014285714
David,Bielkheden,70,155,71,16,9,0,25,0.64,male,1.014285714
Gilbert,Burns,70,155,71,17,3,0,20,0.85,male,1.014285714
Jason,Dent,70,155,71,21,12,0,33,0.636363636,male,1.014285714
Edgar,Garcia,70,170,71,14,5,0,19,0.736842105,male,1.014285714
Christos,Giagos,70,155,71,17,8,0,25,0.68,male,1.014285714
Joey,Gomez,70,155,71,7,1,0,8,0.875,male,1.014285714
Michael,Graves,70,170,71,6,0,1,7,0.928571429,male,1.014285714
Bobby,Green,70,155,71,24,9,1,34,0.720588235,male,1.014285714
Austin,Hubbard,70,155,71,11,3,0,14,0.785714286,male,1.014285714
Erik,Koch,70,170,71,16,6,0,22,0.727272727,male,1.014285714
Chad,Laprise,70,170,71,14,4,0,18,0.777777778,male,1.014285714
Joe,Lauzon,70,155,71,28,16,0,44,0.636363636,male,1.014285714
Charles,McCarthy,70,185,71,10,5,0,15,0.666666667,male,1.014285714
James,Moontasri,70,170,71,9,5,0,14,0.642857143,male,1.014285714
Thiago,Perpetuo,70,170,71,9,4,1,14,0.678571429,male,1.014285714
Mike,Perry,70,170,71,13,5,0,18,0.722222222,male,1.014285714
Ed,Ratcliff,70,155,71,7,3,0,10,0.7,male,1.014285714
Mike,Rio,70,155,71,9,4,0,13,0.692307692,male,1.014285714
George,Sotiropoulos,70,155,71,14,6,0,20,0.7,male,1.014285714
Tommy,Speer,70,170,71,19,5,0,24,0.791666667,male,1.014285714
Mike,Stumpf,70,170,71,11,4,0,15,0.733333333,male,1.014285714
Josh,Thomson,70,155,71,21,8,0,29,0.724137931,male,1.014285714
Jonavin,Webb,70,170,71,8,2,0,10,0.8,male,1.014285714
Manny,Bermudez,70,145,71,14,2,0,16,0.875,male,1.014285714
Darren,Elkins,70,145,71,25,8,0,33,0.757575758,male,1.014285714
Cody,Gibson,70,135,71,12,6,0,18,0.666666667,male,1.014285714
Jason,Knight,70,145,71,20,6,0,26,0.769230769,male,1.014285714
Alan,Omer,70,145,71,18,5,0,23,0.782608696,male,1.014285714
Akitoshi,Tamura,69,135,70,16,11,2,29,0.586206897,male,1.014492754
Will,Campuzano,69,125,70,13,6,0,19,0.684210526,male,1.014492754
Marcos,Vinicius,69,125,70,20,6,1,27,0.759259259,male,1.014492754
Thiago,Alves,69,170,70,28,14,0,42,0.666666667,male,1.014492754
Olivier,Aubin-Mercier,69,155,70,12,5,0,17,0.705882353,male,1.014492754
Ryo,Chonan,69,170,70,20,12,0,32,0.625,male,1.014492754
Rob,Emerson,69,155,70,11,10,0,21,0.523809524,male,1.014492754
Efrain,Escudero,69,155,70,25,11,0,36,0.694444444,male,1.014492754
Damir,Hadzovic,69,155,70,13,5,0,18,0.722222222,male,1.014492754
Benson,Henderson,69,170,70,23,5,0,28,0.821428571,male,1.014492754
Roger,Huerta,69,155,70,21,5,1,27,0.796296296,male,1.014492754
Paul,Kelly,69,155,70,12,4,0,16,0.75,male,1.014492754
Drakkar,Klose,69,155,70,11,1,1,13,0.884615385,male,1.014492754
Marcus,LeVesseur,69,155,70,22,7,0,29,0.75862069,male,1.014492754
Rashid,Magomedov,69,155,70,20,2,0,22,0.909090909,male,1.014492754
Gray,Maynard,69,155,70,14,8,1,23,0.630434783,male,1.014492754
Thiago,Moises,69,155,70,12,4,0,16,0.75,male,1.014492754
Shane,Nelson,69,155,70,15,5,0,20,0.75,male,1.014492754
BJ,Penn,69,155,70,16,14,2,32,0.53125,male,1.014492754
Sam,Stout,69,155,70,21,12,1,34,0.632352941,male,1.014492754
Francisco,Trevino,69,155,70,12,2,0,14,0.857142857,male,1.014492754
Francisco,Trinaldo,69,155,70,23,7,0,30,0.766666667,male,1.014492754
Martin,Buschkamp,69,145,70,9,0,0,9,1,male,1.014492754
Tiago,Trator,69,145,70,20,6,2,28,0.75,male,1.014492754
Eduardo,Garagorri,69,145,70,13,0,0,13,1,male,1.014492754
Kron,Gracie,69,145,70,5,1,0,6,0.833333333,male,1.014492754
Michael,McDonald,69,135,70,17,4,0,21,0.80952381,male,1.014492754
Bart,Palaszewski,69,145,70,35,17,0,52,0.673076923,male,1.014492754
Aaron,Phillips,69,135,70,8,2,0,10,0.8,male,1.014492754
Sean,Soriano,69,145,70,8,3,0,11,0.727272727,male,1.014492754
Andre,Soukhamthath,69,135,70,13,8,0,21,0.619047619,male,1.014492754
Mads,Burnell,68,145,69,9,3,0,12,0.75,male,1.014705882
Raulian,Paiva,68,125,69,18,3,0,21,0.857142857,male,1.014705882
Yosdenis,Cedeno,68,155,69,10,5,1,16,0.65625,male,1.014705882
Hacran,Dias,68,155,69,23,6,1,30,0.783333333,male,1.014705882
Ross,Pearson,68,155,69,22,16,0,38,0.578947368,male,1.014705882
Aaron,Riley,68,155,69,29,14,1,44,0.670454545,male,1.014705882
Joaquim,Silva,68,155,69,11,3,0,14,0.785714286,male,1.014705882
Hunter,Azure,68,135,69,8,0,0,8,1,male,1.014705882
Marco,Beltran,68,125,69,8,7,0,15,0.533333333,male,1.014705882
Anthony,Birchak,68,135,69,13,3,0,16,0.8125,male,1.014705882
Byron,Bloodworth,68,135,69,6,3,0,9,0.666666667,male,1.014705882
Henry,Briones,68,135,69,19,8,1,28,0.696428571,male,1.014705882
Felipe,Colares,68,135,69,9,1,0,10,0.9,male,1.014705882
LC,Davis,68,135,69,17,4,0,21,0.80952381,male,1.014705882
Rolando,Dy,68,145,69,9,7,1,17,0.558823529,male,1.014705882
Davey,Grant,68,135,69,10,4,0,14,0.714285714,male,1.014705882
Shane,Howell,68,125,69,13,9,0,22,0.590909091,male,1.014705882
Christian,Ocon,68,135,69,4,1,0,5,0.8,male,1.014705882
Andy,Ogle,68,145,69,9,6,0,15,0.6,male,1.014705882
Brian,Ortega,68,145,69,14,1,0,15,0.933333333,male,1.014705882
Jose,Quinonez,68,135,69,9,3,0,12,0.75,male,1.014705882
Diego,Rivas,68,145,69,7,2,0,9,0.777777778,male,1.014705882
Pat,Schilling,68,145,69,5,2,0,7,0.714285714,male,1.014705882
Yoshiro,Maeda,67,139,68,28,12,2,42,0.69047619,male,1.014925373
Grigorii,Popov,67,135,68,13,2,0,15,0.866666667,male,1.014925373
Diego,Brandao,67,145,68,24,11,0,35,0.685714286,male,1.014925373
Thiago,Tavares,67,145,68,24,7,1,32,0.765625,male,1.014925373
Akihiro,Gono,67,170,68,32,16,7,55,0.645454545,male,1.014925373
Henry,Martinez,67,155,68,9,3,0,12,0.75,male,1.014925373
Tom,Duquesnoy,67,135,68,16,2,0,18,0.888888889,male,1.014925373
Luis,Gomez,67,145,68,4,1,0,5,0.8,male,1.014925373
CJ,Hamilton,67,125,68,11,4,0,15,0.733333333,male,1.014925373
Jeff,Hougland,67,135,68,10,6,0,16,0.625,male,1.014925373
Yves,Jabouin,67,135,68,20,11,0,31,0.64516129,male,1.014925373
Chris,Kelades,67,125,68,9,3,0,12,0.75,male,1.014925373
Casey,Kenney,67,135,68,13,1,1,15,0.9,male,1.014925373
Pietro,Menga,67,125,68,13,0,0,13,1,male,1.014925373
Tyson,Nam,67,125,68,18,10,1,29,0.637931034,male,1.014925373
Nick,Pace,67,135,68,6,3,0,9,0.666666667,male,1.014925373
Matt,Sayles,67,145,68,8,2,0,10,0.8,male,1.014925373
Douglas,Silva de Andrade,67,135,68,25,3,0,28,0.892857143,male,1.014925373
Lazar,Stojadinovic,67,145,68,12,5,0,17,0.705882353,male,1.014925373
Mike,Wilkinson,67,145,68,9,2,0,11,0.818181818,male,1.014925373
Askar,Askarov,66,125,67,10,0,1,11,0.954545455,male,1.015151515
Hugo,Viana,66,135,67,8,4,0,12,0.666666667,male,1.015151515
Rani,Yahya,66,135,67,26,10,0,36,0.722222222,male,1.015151515
Michel,Prazeres,66,170,67,26,3,0,29,0.896551724,male,1.015151515
Sean,Sherk,66,155,67,36,4,1,41,0.890243902,male,1.015151515
Jon,Delos Reyes,66,125,67,8,5,0,13,0.615384615,male,1.015151515
TJ,Dillashaw,66,125,67,17,4,0,21,0.80952381,male,1.015151515
Urijah,Faber,66,135,67,35,10,0,45,0.777777778,male,1.015151515
John,Franchi,66,145,67,6,2,0,8,0.75,male,1.015151515
Danny,Martinez,66,125,67,18,7,0,25,0.72,male,1.015151515
Ashkan,Mokhtarian,66,125,67,13,3,0,16,0.8125,male,1.015151515
Darrell,Montague,66,125,67,13,5,0,18,0.722222222,male,1.015151515
Marlon,Moraes,66,135,67,22,6,1,29,0.775862069,male,1.015151515
Diego,Nunes,66,145,67,18,4,0,22,0.818181818,male,1.015151515
Alejandro,Perez,66,135,67,22,8,1,31,0.725806452,male,1.015151515
Luke,Sanders,66,135,67,13,3,0,16,0.8125,male,1.015151515
Coty,Wheeler,66,135,67,14,4,0,18,0.777777778,male,1.015151515
Heili,Alateng,65,135,66,13,7,1,21,0.642857143,male,1.015384615
Geane,Herrera,65,125,66,9,3,0,12,0.75,male,1.015384615
Kyoji,Horiguchi,65,125,66,18,2,0,20,0.9,male,1.015384615
Sirwan,Kakai,65,135,66,12,3,0,15,0.8,male,1.015384615
Iliarde,Santos,65,125,66,27,9,1,37,0.743243243,male,1.015384615
Shunichi,Shimizu,65,135,66,28,9,10,47,0.70212766,male,1.015384615
Raphael,Assuncao,65,135,66,27,7,0,34,0.794117647,male,1.015384615
Josh,Ferguson,65,125,66,7,5,0,12,0.583333333,male,1.015384615
Scott,Jorgensen,65,135,66,15,12,0,27,0.555555556,male,1.015384615
Rodolfo,Rubio,65,145,66,12,8,1,21,0.595238095,male,1.015384615
Joseph,Benavidez,64,125,65,28,5,0,33,0.848484848,male,1.015625
Ali,Bagautinov,64,125,65,14,5,0,19,0.736842105,male,1.015625
Wilson,Reis,64,125,65,23,10,0,33,0.696969697,male,1.015625
Roldan,Sangcha-an,64,125,65,4,2,0,6,0.666666667,male,1.015625
Bruno,Silva,64,135,65,11,4,1,16,0.71875,male,1.015625
Jose,Torres,64,125,65,8,1,0,9,0.888888889,male,1.015625
Charlie,Valencia,63,135,64,12,7,0,19,0.631578947,male,1.015873016
Sean,McCorkle,79,265,81,13,2,0,15,0.866666667,male,1.025316456
Austen,Lane,78,245,80,4,1,0,5,0.8,male,1.025641026
Ednaldo,Oliveira,77,205,79,13,2,1,16,0.84375,male,1.025974026
Magnus,Cedenblad,77,185,79,14,5,0,19,0.736842105,male,1.025974026
Alexander,Gustafsson,77,205,79,18,6,0,24,0.75,male,1.025974026
Ryan,Spann,77,205,79,17,5,0,22,0.772727273,male,1.025974026
Shawn,Teed,77,265,79,5,1,0,6,0.833333333,male,1.025974026
Da Un,Jung,76,205,78,12,2,0,14,0.857142857,male,1.026315789
Tamdan,McCrory,76,185,78,14,5,0,19,0.736842105,male,1.026315789
Jairzinho,Rozenstruik,76,242,78,8,0,0,8,1,male,1.026315789
Stephan,Bonnar,76,205,78,17,8,0,25,0.68,male,1.026315789
Antoni,Hardonk,76,245,78,8,6,0,14,0.571428571,male,1.026315789
Heath,Herring,76,250,78,28,14,0,42,0.666666667,male,1.026315789
Dustin,Jacoby,76,185,78,6,3,0,9,0.666666667,male,1.026315789
Aleksandar,Rakic,76,205,78,12,1,0,13,0.923076923,male,1.026315789
Aaron,Rosa,76,205,78,17,5,0,22,0.772727273,male,1.026315789
Ben,Rothwell,76,265,78,36,12,0,48,0.75,male,1.026315789
Brendan,Schaub,76,245,78,11,5,0,16,0.6875,male,1.026315789
Chase,Sherman,76,250,78,11,6,0,17,0.647058824,male,1.026315789
Guto,Inocente,75,205,77,6,4,0,10,0.6,male,1.026666667
Hyun Gyu,Lim,75,170,77,13,7,1,21,0.642857143,male,1.026666667
Antonio Braga,Neto,75,185,77,9,3,0,12,0.75,male,1.026666667
Minotauro,Nogueira,75,240,77,34,10,1,45,0.766666667,male,1.026666667
Joel,Alvarez,75,155,77,16,2,0,18,0.888888889,male,1.026666667
Andrei,Arlovski,75,240,77,28,18,0,46,0.608695652,male,1.026666667
Rolando,Delgado,75,155,77,11,5,1,17,0.676470588,male,1.026666667
Forrest,Griffin,75,205,77,19,7,0,26,0.730769231,male,1.026666667
Tim,Johnson,75,265,77,12,4,0,16,0.75,male,1.026666667
Antonio,Mendes,75,205,77,17,10,0,27,0.62962963,male,1.026666667
Viktor,Pesta,75,240,77,10,4,0,14,0.714285714,male,1.026666667
Jamal,Pogues,75,205,77,6,2,0,8,0.75,male,1.026666667
Luke,Rockhold,75,205,77,16,5,0,21,0.761904762,male,1.026666667
Augusto,Sakai,75,265,77,14,1,1,16,0.90625,male,1.026666667
Elvis,Sinosic,75,205,77,7,11,2,20,0.4,male,1.026666667
Dmitry,Sosnovskiy,75,240,77,11,0,0,11,1,male,1.026666667
Jalin,Turner,75,155,77,8,5,0,13,0.615384615,male,1.026666667
Alberto,Uda,75,185,77,9,2,0,11,0.818181818,male,1.026666667
Elias,Urbina,75,185,77,3,1,0,4,0.75,male,1.026666667
Adlan,Amagov,74,170,76,13,2,1,16,0.84375,male,1.027027027
CB,Dollaway,74,185,76,18,10,0,28,0.642857143,male,1.027027027
Dong Hyun,Kim,74,170,76,22,4,1,27,0.833333333,male,1.027027027
Gegard,Mousasi,74,185,76,42,6,2,50,0.86,male,1.027027027
Kenneth,Bergh,74,205,76,6,0,0,6,1,male,1.027027027
Chris,Camozzi,74,185,76,24,13,0,37,0.648648649,male,1.027027027
Patrick,Cummins,74,205,76,10,7,0,17,0.588235294,male,1.027027027
Gabriel,Gonzaga,74,242,76,17,11,0,28,0.607142857,male,1.027027027
Shelton,Graves,74,255,76,7,3,0,10,0.7,male,1.027027027
Keith,Jardine,74,185,76,17,10,2,29,0.620689655,male,1.027027027
Tony,Johnson,74,205,76,7,2,0,9,0.777777778,male,1.027027027
Chuck,Liddell,74,205,76,21,8,0,29,0.724137931,male,1.027027027
Curtis,Millender,74,170,76,17,5,0,22,0.772727273,male,1.027027027
Nick,Osipczak,74,170,76,5,3,0,8,0.625,male,1.027027027
Thiago,Santos,74,205,76,21,7,0,28,0.75,male,1.027027027
Glover,Teixeira,74,205,76,30,7,0,37,0.810810811,male,1.027027027
Chris,Tuchscherer,74,258,76,21,4,0,25,0.84,male,1.027027027
Craig,White,74,170,76,14,9,0,23,0.608695652,male,1.027027027
Tim,Williams,74,185,76,15,5,0,20,0.75,male,1.027027027
Francimar,Barroso,73,205,75,19,7,0,26,0.730769231,male,1.02739726
Teemu,Packalen,73,155,75,8,3,0,11,0.727272727,male,1.02739726
Oli,Thompson,73,242,75,9,4,0,13,0.692307692,male,1.02739726
Eryk,Anders,73,205,75,13,4,0,17,0.764705882,male,1.02739726
Mehdi,Baghdad,73,155,75,11,4,0,15,0.733333333,male,1.02739726
Joey,Beltran,73,185,75,15,9,0,24,0.625,male,1.02739726
Arjan,Bhullar,73,245,75,9,1,0,10,0.9,male,1.02739726
Michael,Bisping,73,185,75,31,9,0,40,0.775,male,1.02739726
Michael,Chiesa,73,170,75,16,4,0,20,0.8,male,1.02739726
Mark,Coleman,73,205,75,16,10,0,26,0.615384615,male,1.02739726
Josh,Copeland,73,265,75,9,2,0,11,0.818181818,male,1.02739726
Randy,Couture,73,205,75,19,11,0,30,0.633333333,male,1.02739726
Ion,Cutelaba,73,205,75,15,4,0,19,0.789473684,male,1.02739726
Rich,Franklin,73,185,75,29,7,0,36,0.805555556,male,1.02739726
Thomas,Gifford,73,155,75,17,9,0,26,0.653846154,male,1.02739726
Damian,Grabowski,73,241,75,20,5,0,25,0.8,male,1.02739726
John,Hathaway,73,170,75,17,2,0,19,0.894736842,male,1.02739726
DaMarques,Johnson,73,170,75,18,12,0,30,0.6,male,1.02739726
Daniel,Jolly,73,205,75,5,2,0,7,0.714285714,male,1.02739726
Dean,Lister,73,185,75,11,7,0,18,0.611111111,male,1.02739726
Fabio,Maldonado,73,205,75,22,9,0,31,0.709677419,male,1.02739726
Jon,Manley,73,170,75,7,3,0,10,0.7,male,1.02739726
Ronny,Markes,73,185,75,14,3,0,17,0.823529412,male,1.02739726
Michael,McBride,73,155,75,8,3,0,11,0.727272727,male,1.02739726
Anthony,Njokuani,73,155,75,16,9,0,25,0.64,male,1.02739726
Cameron,Olson,73,205,75,7,3,0,10,0.7,male,1.02739726
Cathal,Pendred,73,170,75,17,5,1,23,0.760869565,male,1.02739726
Trevor,Prangley,73,185,75,23,8,1,32,0.734375,male,1.02739726
Daniel,Rodriguez,73,170,75,8,1,0,9,0.888888889,male,1.02739726
Marcos,Rogerio de Lima,73,253,75,16,7,1,24,0.6875,male,1.02739726
Renato,Sobral,73,205,75,36,9,0,45,0.8,male,1.02739726
Elias,Theodorou,73,185,75,17,3,0,20,0.85,male,1.02739726
Chase,Waldon,73,185,75,11,2,0,13,0.846153846,male,1.02739726
James,Wilks,73,170,75,7,4,0,11,0.636363636,male,1.02739726
Chris,Wilson,73,170,75,16,8,0,24,0.666666667,male,1.02739726
Fares,Ziam,73,155,75,10,3,0,13,0.769230769,male,1.02739726
Giga,Chikadze,72,145,74,8,1,1,10,0.85,male,1.027777778
SeungWoo,Choi,72,145,74,7,3,0,10,0.7,male,1.027777778
Klidson,Abreu,72,205,74,15,3,0,18,0.833333333,male,1.027777778
Yorgan,De Castro,72,250,74,6,0,0,6,1,male,1.027777778
Fedor,Emelianenko,72,230,74,34,4,0,38,0.894736842,male,1.027777778
Hernani,Perpetuo,72,170,74,17,5,0,22,0.772727273,male,1.027777778
Ricardo,Almeida,72,170,74,13,5,0,18,0.722222222,male,1.027777778
Cyril,Asker,72,247,74,9,4,0,13,0.692307692,male,1.027777778
Blas,Avena,72,170,74,7,6,0,13,0.538461538,male,1.027777778
Vitor,Belfort,72,185,74,26,14,0,40,0.65,male,1.027777778
Danilo,Belluardo,72,155,74,12,5,0,17,0.705882353,male,1.027777778
Tim,Boetsch,72,185,74,21,13,0,34,0.617647059,male,1.027777778
Luke,Cummo,72,170,74,6,6,0,12,0.5,male,1.027777778
Alessio,Di Chirico,72,185,74,12,4,0,16,0.75,male,1.027777778
Joe,Giannetti,72,155,74,7,1,0,8,0.875,male,1.027777778
Trevin,Giles,72,185,74,11,2,0,13,0.846153846,male,1.027777778
Lyman,Good,72,170,74,20,5,0,25,0.8,male,1.027777778
Mike,Guymon,72,170,74,12,5,1,18,0.694444444,male,1.027777778
Dan,Hardy,72,170,74,25,10,0,35,0.714285714,male,1.027777778
Pat,Healy,72,155,74,31,19,0,50,0.62,male,1.027777778
Alvaro,Herrera,72,155,74,9,6,0,15,0.6,male,1.027777778
Sean,Lally,72,170,74,8,2,0,10,0.8,male,1.027777778
Tom,Lawlor,72,205,74,10,6,0,16,0.625,male,1.027777778
Matt,Lindland,72,185,74,22,9,0,31,0.709677419,male,1.027777778
Nate,Marquardt,72,185,74,38,19,2,59,0.661016949,male,1.027777778
Vladimir,Matyushenko,72,205,74,26,7,0,33,0.787878788,male,1.027777778
Tim,McKenzie,72,185,74,13,8,0,21,0.619047619,male,1.027777778
Zachary,Micklewright,72,155,74,11,3,0,14,0.785714286,male,1.027777778
Bobby,Nash,72,170,74,8,4,0,12,0.666666667,male,1.027777778
Daniel,Omielanczuk,72,247,74,19,8,1,28,0.696428571,male,1.027777778
Wagner,Prado,72,205,74,8,2,0,10,0.8,male,1.027777778
Mike,Pyle,72,170,74,27,14,1,42,0.654761905,male,1.027777778
Nick,Ring,72,185,74,13,3,0,16,0.8125,male,1.027777778
Ivan,Shtyrkov,72,205,74,16,0,1,17,0.970588235,male,1.027777778
Erick,Silva,72,170,74,19,9,0,28,0.678571429,male,1.027777778
Darren,Stewart,72,185,74,11,4,0,15,0.733333333,male,1.027777778
Justin,Tafa,72,264,74,3,1,0,4,0.75,male,1.027777778
Evan,Tanner,72,185,74,32,8,0,40,0.8,male,1.027777778
Darren,Till,72,170,74,17,2,1,20,0.875,male,1.027777778
Guilherme,Vasconcelos,72,185,74,3,2,0,5,0.6,male,1.027777778
Marvin,Vettori,72,185,74,14,4,1,19,0.763157895,male,1.027777778
Kevin,Souza,72,145,74,19,4,0,23,0.826086957,male,1.027777778
Siyar,Bahadurzada,71,170,73,24,8,1,33,0.742424242,male,1.028169014
Nah-Shon,Burrell,71,170,73,9,3,0,12,0.75,male,1.028169014
Vik,Grujic,71,170,73,7,6,0,13,0.538461538,male,1.028169014
Bojan,Mihajlovic,71,205,73,10,6,0,16,0.625,male,1.028169014
Elizeu,Zaleski dos Santos,71,170,73,21,6,0,27,0.777777778,male,1.028169014
Ricardo,Abreu,71,185,73,5,3,0,8,0.625,male,1.028169014
Ben,Askren,71,170,73,19,1,0,20,0.95,male,1.028169014
Lance,Benoist,71,170,73,7,2,0,9,0.777777778,male,1.028169014
Yan,Cabral,71,155,73,12,3,0,15,0.8,male,1.028169014
Konstantin,Erokhin,71,230,73,9,3,0,12,0.75,male,1.028169014
Josh,Janousek,71,185,73,8,1,0,9,0.888888889,male,1.028169014
Brock,Jardine,71,170,73,9,3,0,12,0.75,male,1.028169014
Mickael,Lebout,71,155,73,14,5,1,20,0.725,male,1.028169014
Jake,Matthews,71,170,73,15,4,0,19,0.789473684,male,1.028169014
Keita,Nakamura,71,170,73,34,10,2,46,0.760869565,male,1.028169014
Frankie,Perez,71,155,73,10,4,0,14,0.714285714,male,1.028169014
Costas,Philippou,71,185,73,13,5,0,18,0.722222222,male,1.028169014
Alex,Reyes,71,170,73,13,3,0,16,0.8125,male,1.028169014
Victor,Reyna,71,170,73,10,3,0,13,0.769230769,male,1.028169014
Elias,Silverio,71,155,73,11,2,0,13,0.846153846,male,1.028169014
Greg,Soto,71,170,73,8,2,0,10,0.8,male,1.028169014
Andreas,Stahl,71,170,73,9,2,0,11,0.818181818,male,1.028169014
Paulo,Thiago,71,170,73,15,8,0,23,0.652173913,male,1.028169014
Kazuki,Tokudome,71,155,73,12,6,1,19,0.657894737,male,1.028169014
Jon,Tuck,71,155,73,10,5,0,15,0.666666667,male,1.028169014
Albert,Tumenov,71,170,73,17,4,0,21,0.80952381,male,1.028169014
Hector,Urbina,71,170,73,25,10,1,36,0.708333333,male,1.028169014
Randall,Wallace,71,185,73,15,6,0,21,0.714285714,male,1.028169014
Charlie,Ward,71,170,73,3,3,0,6,0.5,male,1.028169014
Andre,Winner,71,155,73,13,6,1,20,0.675,male,1.028169014
Joao,Zeferino,71,170,73,13,6,0,19,0.684210526,male,1.028169014
Clay,Collard,71,145,73,14,7,0,21,0.666666667,male,1.028169014
Makwan,Amirkhani,70,145,72,15,3,0,18,0.833333333,male,1.028571429
Chris,Avila,70,145,72,5,4,0,9,0.555555556,male,1.028571429
Manny,Vazquez,70,125,72,11,2,0,13,0.846153846,male,1.028571429
Rostem,Akman,70,170,72,6,2,0,8,0.75,male,1.028571429
Beneil,Dariush,70,155,72,16,4,1,21,0.785714286,male,1.028571429
Nasrat,Haqparast,70,155,72,11,2,0,13,0.846153846,male,1.028571429
Vinc,Pichel,70,155,72,12,2,0,14,0.857142857,male,1.028571429
John,Alessio,70,155,72,34,16,0,50,0.68,male,1.028571429
Matt,Arroyo,70,170,72,3,3,0,6,0.5,male,1.028571429
Rich,Attonito,70,170,72,10,5,0,15,0.666666667,male,1.028571429
Sean,Brady,70,170,72,11,0,0,11,1,male,1.028571429
Charlie,Brenneman,70,155,72,19,8,0,27,0.703703704,male,1.028571429
Will,Brooks,70,155,72,18,4,0,22,0.818181818,male,1.028571429
Joshua,Burkman,70,170,72,29,17,0,46,0.630434783,male,1.028571429
Johnny,Case,70,155,72,22,6,0,28,0.785714286,male,1.028571429
Chris,Dempsey,70,185,72,11,4,0,15,0.733333333,male,1.028571429
Antonio,Dos Santos,70,185,72,6,3,0,9,0.666666667,male,1.028571429
Per,Eklund,70,155,72,14,5,1,20,0.725,male,1.028571429
Thibault,Gouti,70,155,72,12,5,0,17,0.705882353,male,1.028571429
TJ,Grant,70,155,72,21,5,0,26,0.807692308,male,1.028571429
Mark,Hunt,70,265,72,13,14,1,28,0.482142857,male,1.028571429
Derrick,Krantz,70,170,72,24,12,0,36,0.666666667,male,1.028571429
Joe,Lowry,70,155,72,8,1,0,9,0.888888889,male,1.028571429
Adriano,Martins,70,155,72,28,9,0,37,0.756756757,male,1.028571429
KJ,Noons,70,155,72,12,8,0,20,0.6,male,1.028571429
Wendell,Oliveira,70,170,72,24,9,0,33,0.727272727,male,1.028571429
Karo,Parisyan,70,170,72,19,8,0,27,0.703703704,male,1.028571429
Anthony,Pettis,70,170,72,22,9,0,31,0.709677419,male,1.028571429
Joe,Proctor,70,155,72,11,5,0,16,0.6875,male,1.028571429
Shane,Roller,70,155,72,11,7,0,18,0.611111111,male,1.028571429
Jesse,Ronson,70,155,72,19,8,0,27,0.703703704,male,1.028571429
Diego,Sanchez,70,170,72,31,12,0,43,0.720930233,male,1.028571429
Devin,Smyth,70,170,72,9,1,0,10,0.9,male,1.028571429
Salim,Touahri,70,170,72,10,4,0,14,0.714285714,male,1.028571429
Brandon,Davis,70,135,72,10,8,0,18,0.555555556,male,1.028571429
Grant,Dawson,70,145,72,14,1,0,15,0.933333333,male,1.028571429
Jameel,Massouh,70,145,72,26,9,0,35,0.742857143,male,1.028571429
Estevan,Payan,70,145,72,14,6,0,20,0.7,male,1.028571429
Jordan,Rinaldi,70,145,72,14,7,0,21,0.666666667,male,1.028571429
Iuri,Alcantara,69,135,71,35,10,0,45,0.777777778,male,1.028985507
Jim,Alers,69,145,71,13,3,0,16,0.8125,male,1.028985507
Ricky,Turcios,69,135,71,8,1,0,9,0.888888889,male,1.028985507
Tae Hyun,Bang,69,155,71,18,10,0,28,0.642857143,male,1.028985507
Hiromitsu,Miura,69,170,71,9,6,0,15,0.6,male,1.028985507
Kyle,Bradley,69,155,71,15,8,0,23,0.652173913,male,1.028985507
Danny,Castillo,69,155,71,17,10,0,27,0.62962963,male,1.028985507
JC,Cottrell,69,155,71,17,5,0,22,0.772727273,male,1.028985507
Jake,Ellenberger,69,170,71,31,15,0,46,0.673913043,male,1.028985507
Brian,Foster,69,170,71,18,5,0,23,0.782608696,male,1.028985507
Matt,Frevola,69,155,71,8,1,1,10,0.85,male,1.028985507
Kelvin,Gastelum,69,185,71,16,4,0,20,0.8,male,1.028985507
Piotr,Hallmann,69,155,71,15,5,0,20,0.75,male,1.028985507
Marcin,Held,69,155,71,23,7,0,30,0.766666667,male,1.028985507
Anthony,Lapsley,69,170,71,25,7,0,32,0.78125,male,1.028985507
Hector,Lombard,69,185,71,34,10,1,45,0.766666667,male,1.028985507
Todd,Moore,69,170,71,14,5,0,19,0.736842105,male,1.028985507
Forrest,Petz,69,170,71,24,9,0,33,0.727272727,male,1.028985507
Joseph,Solecki,69,155,71,7,2,0,9,0.777777778,male,1.028985507
Rick,Story,69,170,71,19,9,0,28,0.678571429,male,1.028985507
Frank,Trigg,69,170,71,21,9,0,30,0.7,male,1.028985507
Lando,Vannata,69,155,71,10,4,2,16,0.6875,male,1.028985507
Jacob,Volkmann,69,155,71,15,4,0,19,0.789473684,male,1.028985507
Germaine,de Randamie,69,135,71,9,3,0,12,0.75,male,1.028985507
Roland,Delorme,69,135,71,9,4,0,13,0.692307692,male,1.028985507
Wang,Guan,69,145,71,20,1,1,22,0.931818182,male,1.028985507
Jimy,Hettes,69,145,71,11,3,0,14,0.785714286,male,1.028985507
Naoki,Inoue,69,125,71,11,1,0,12,0.916666667,male,1.028985507
Jacob,Kilburn,69,145,71,6,1,0,7,0.857142857,male,1.028985507
Jeremy,Stephens,69,145,71,28,17,0,45,0.622222222,male,1.028985507
Kevin,Syler,69,145,71,8,0,0,8,1,male,1.028985507
Yoshinori,Horie,68,145,70,8,2,0,10,0.8,male,1.029411765
Nad,Narimani,68,145,70,12,3,0,15,0.8,male,1.029411765
Cub,Swanson,68,145,70,26,11,0,37,0.702702703,male,1.029411765
Arnold,Allen,68,145,70,15,1,0,16,0.9375,male,1.029411765
Mirsad,Bektic,68,145,70,13,2,0,15,0.866666667,male,1.029411765
Tyler,Toner,68,145,70,12,3,0,15,0.8,male,1.029411765
Nazareno,Malegarie,68,155,70,28,5,0,33,0.848484848,male,1.029411765
Tiequan,Zhang,68,155,70,18,4,0,22,0.818181818,male,1.029411765
Mac,Danzig,68,155,70,22,12,1,35,0.642857143,male,1.029411765
Drew,Dober,68,155,70,21,9,0,30,0.7,male,1.029411765
Rafael,Dos Anjos,68,170,70,29,12,0,41,0.707317073,male,1.029411765
Luigi,Fioravanti,68,170,70,22,11,0,33,0.666666667,male,1.029411765
Aleksei,Kunchenko,68,170,70,20,1,0,21,0.952380952,male,1.029411765
Kurt,Pellegrino,68,155,70,16,6,0,22,0.727272727,male,1.029411765
Mike,Pierce,68,170,70,17,7,0,24,0.708333333,male,1.029411765
Justin,Salas,68,155,70,12,7,0,19,0.631578947,male,1.029411765
Abel,Trujillo,68,155,70,15,8,0,23,0.652173913,male,1.029411765
Phil,Caracappa,68,135,70,8,1,0,9,0.888888889,male,1.029411765
Ernest,Chavez,68,145,70,8,2,0,10,0.8,male,1.029411765
Rilley,Dutro,68,125,70,14,3,0,17,0.823529412,male,1.029411765
Willie,Gates,68,125,70,12,7,0,19,0.631578947,male,1.029411765
Matt,Grice,68,145,70,15,5,0,20,0.75,male,1.029411765
Alfred,Khashakyan,68,135,70,8,3,0,11,0.727272727,male,1.029411765
Jonathan,Martinez,68,135,70,11,2,0,13,0.846153846,male,1.029411765
Said,Nurmagomedov,68,135,70,13,1,0,14,0.928571429,male,1.029411765
Filip,Pejic,68,135,70,10,2,1,13,0.807692308,male,1.029411765
Matt,Schnell,68,125,70,14,4,0,18,0.777777778,male,1.029411765
Marlon,Vera,68,135,70,15,5,1,21,0.738095238,male,1.029411765
Jorge,Gurgel,67,155,69,14,9,0,23,0.608695652,male,1.029850746
Brendan,O'Reilly,67,170,69,6,3,0,9,0.666666667,male,1.029850746
Chris,Beal,67,125,69,10,3,0,13,0.769230769,male,1.029850746
Mark,Cherico,67,145,69,11,1,0,12,0.916666667,male,1.029850746
Tyler,Diamond,67,145,69,9,2,0,11,0.818181818,male,1.029850746
Reuben,Duran,67,135,69,8,5,1,14,0.607142857,male,1.029850746
Edwin,Figueroa,67,135,69,9,4,0,13,0.692307692,male,1.029850746
Tatsuya,Kawajiri,67,145,69,35,10,2,47,0.765957447,male,1.029850746
Matthew,Lopez,67,135,69,10,4,0,14,0.714285714,male,1.029850746
Jason,Perrin,67,135,69,8,3,0,11,0.727272727,male,1.029850746
Daniel,Pineda,67,145,69,18,11,0,29,0.620689655,male,1.029850746
Ray,Rodriguez,67,135,69,15,5,0,20,0.75,male,1.029850746
Javier,Vazquez,67,145,69,16,5,0,21,0.761904762,male,1.029850746
Eddie,Wineland,67,135,69,24,13,1,38,0.644736842,male,1.029850746
Zach,Zane,67,145,69,12,7,0,19,0.631578947,male,1.029850746
Michihiro,Omigawa,66,145,68,13,13,1,27,0.5,male,1.03030303
Merab,Dvalishvili,66,135,68,9,4,0,13,0.692307692,male,1.03030303
Matt,Serra,66,170,68,11,7,0,18,0.611111111,male,1.03030303
Guido,Cannetti,66,135,68,8,5,0,13,0.615384615,male,1.03030303
Josh,Clopton,66,145,68,6,2,1,9,0.722222222,male,1.03030303
Frankie,Edgar,66,145,68,22,7,1,30,0.75,male,1.03030303
Chad,George,66,135,68,13,6,0,19,0.684210526,male,1.03030303
Tyson,Griffin,66,145,68,15,6,0,21,0.714285714,male,1.03030303
Brad,Pickett,66,135,68,26,14,0,40,0.65,male,1.03030303
Joby,Sanchez,66,135,68,11,4,0,15,0.733333333,male,1.03030303
Eric,Shelton,66,125,68,12,6,0,18,0.666666667,male,1.03030303
Brandon,Visher,66,135,68,13,3,0,16,0.8125,male,1.03030303
Jussier,Formiga,65,125,67,23,6,0,29,0.793103448,male,1.030769231
Michinori,Tanaka,65,135,67,11,3,0,14,0.785714286,male,1.030769231
JJ,Aldrich,65,125,67,8,3,0,11,0.727272727,male,1.030769231
Rogerio,Bontorin,65,125,67,16,1,0,17,0.941176471,male,1.030769231
Manvel,Gamburyan,65,135,67,18,11,0,29,0.620689655,male,1.030769231
Elias,Garcia,65,125,67,6,2,0,8,0.75,male,1.030769231
Alexandre,Pantoja,65,125,67,21,4,0,25,0.84,male,1.030769231
Rafael,Rebello,65,135,67,7,4,0,11,0.636363636,male,1.030769231
Manny,Tapia,65,135,67,11,4,1,16,0.71875,male,1.030769231
Journey,Newson,65,135,67,9,2,0,11,0.818181818,male,1.030769231
Norifumi,Yamamoto,64,135,66,18,6,0,24,0.75,male,1.03125
Fredy,Serrano,63,125,65,3,2,0,5,0.6,male,1.031746032
Hector,Sandoval,62,125,64,14,4,0,18,0.777777778,male,1.032258065
Daniel,Spitz,79,245,82,6,3,0,9,0.666666667,male,1.037974684
Cyrille,Diabate,78,205,81,20,10,3,33,0.651515152,male,1.038461538
Don'Tale,Mayes,78,260,81,7,2,0,9,0.777777778,male,1.038461538
Christian,Morecraft,78,260,81,7,3,0,10,0.7,male,1.038461538
Juan,Adams,77,265,80,5,2,0,7,0.714285714,male,1.038961039
Christian,Colombo,77,265,80,8,3,1,12,0.708333333,male,1.038961039
Greg,Hardy,77,265,80,5,1,0,6,0.833333333,male,1.038961039
Jamahal,Hill,76,205,79,5,0,0,5,1,male,1.039473684
Shane,del Rosario,76,250,79,11,2,0,13,0.846153846,male,1.039473684
Rico,Farrington,76,170,79,7,2,0,9,0.777777778,male,1.039473684
Roger,Gracie,76,185,79,6,2,0,8,0.75,male,1.039473684
Daniel,Spohn,76,205,79,15,6,0,21,0.714285714,male,1.039473684
Khadis,Ibragimov,75,205,78,8,1,0,9,0.888888889,male,1.04
Serghei,Spivac,75,260,78,10,1,0,11,0.909090909,male,1.04
Josh,Barnett,75,250,78,35,8,0,43,0.813953488,male,1.04
Randy,Brown,75,170,78,11,3,0,14,0.785714286,male,1.04
Francis,Carmont,75,205,78,23,10,0,33,0.696969697,male,1.04
Jake,Collier,75,205,78,11,4,0,15,0.733333333,male,1.04
Robert,Drysdale,75,205,78,6,0,0,6,1,male,1.04
Todd,Duffee,75,260,78,9,3,0,12,0.75,male,1.04
Andy,Enz,75,185,78,8,3,0,11,0.727272727,male,1.04
Tyler,Hill,75,170,78,8,1,0,9,0.888888889,male,1.04
Bobby,Lashley,75,255,78,7,1,0,8,0.875,male,1.04
Rob,MacDonald,75,205,78,5,4,0,9,0.555555556,male,1.04
Ruslan,Magomedov,75,242,78,14,1,0,15,0.933333333,male,1.04
Raphael,Pessoa,75,262,78,9,1,0,10,0.9,male,1.04
Karl,Reed,75,205,78,6,1,0,7,0.857142857,male,1.04
Marcin,Tybura,75,249,78,17,6,0,23,0.739130435,male,1.04
Mostapha,Al-Turk,74,245,77,6,6,0,12,0.5,male,1.040540541
Paul,Buentello,74,245,77,29,14,0,43,0.674418605,male,1.040540541
Luiz,Cane,74,185,77,12,5,0,17,0.705882353,male,1.040540541
Alton,Cunningham,74,205,77,7,1,0,8,0.875,male,1.040540541
Clint,Hester,74,205,77,11,6,0,17,0.647058824,male,1.040540541
Jeff,Hughes,74,250,77,10,2,0,12,0.833333333,male,1.040540541
Christian,Lohsen,74,155,77,7,1,0,8,0.875,male,1.040540541
Eliot,Marshall,74,205,77,10,4,0,14,0.714285714,male,1.040540541
Ben,Saunders,74,170,77,22,12,2,36,0.638888889,male,1.040540541
Anderson,Silva,74,185,77,34,10,0,44,0.772727273,male,1.040540541
Rory,Singer,74,185,77,11,9,0,20,0.55,male,1.040540541
Tor,Troeng,74,185,77,16,7,1,24,0.6875,male,1.040540541
Christian,Wellisch,74,234,77,8,5,0,13,0.615384615,male,1.040540541
Jordan,Wright,74,185,77,9,0,0,9,1,male,1.040540541
Andrew,Craig,73,170,76,9,4,0,13,0.692307692,male,1.04109589
Nick,Diaz,73,185,76,26,9,0,35,0.742857143,male,1.04109589
Tomasz,Drwal,73,205,76,19,4,1,24,0.8125,male,1.04109589
Wilson,Gouveia,73,185,76,12,8,0,20,0.6,male,1.04109589
Dwight,Grant,73,170,76,10,2,0,12,0.833333333,male,1.04109589
Matt,Hamill,73,205,76,12,5,0,17,0.705882353,male,1.04109589
Collin,Hart,73,185,76,4,2,1,7,0.642857143,male,1.04109589
Dustin,Hazelett,73,170,76,12,7,0,19,0.631578947,male,1.04109589
Ryan,Jensen,73,185,76,15,8,0,23,0.652173913,male,1.04109589
Marcos,Mariano,73,155,76,6,6,0,12,0.5,male,1.04109589
Che,Mills,73,170,76,15,5,0,20,0.75,male,1.04109589
Kyle,Noke,73,170,76,22,10,1,33,0.681818182,male,1.04109589
Khalil,Rountree Jr.,73,205,76,9,4,0,13,0.692307692,male,1.04109589
Mauricio,Rua,73,205,76,26,11,0,37,0.702702703,male,1.04109589
Bradley,Scott,73,170,76,12,6,0,18,0.666666667,male,1.04109589
Sean,Strickland,73,170,76,20,3,0,23,0.869565217,male,1.04109589
Marcio,Alexandre Junior,72,185,75,17,4,0,21,0.80952381,male,1.041666667
Matt,Brown,72,170,75,23,16,0,39,0.58974359,male,1.041666667
Luan,Chagas,72,170,75,15,3,1,19,0.815789474,male,1.041666667
Devin,Clark,72,205,75,10,4,0,14,0.714285714,male,1.041666667
Zak,Cummings,72,185,75,23,7,0,30,0.766666667,male,1.041666667
Tom,DeBlass,72,185,75,7,2,0,9,0.777777778,male,1.041666667
Joe,Doerksen,72,185,75,47,16,0,63,0.746031746,male,1.041666667
Rashad,Evans,72,205,75,24,8,1,33,0.742424242,male,1.041666667
Bartosz,Fabinski,72,170,75,14,3,0,17,0.823529412,male,1.041666667
Justin,Frazier,72,265,75,11,3,0,14,0.785714286,male,1.041666667
Anthony,Hernandez,72,185,75,8,1,0,9,0.888888889,male,1.041666667
Jay,Hieron,72,170,75,23,7,0,30,0.766666667,male,1.041666667
Dan,Hooker,72,155,75,20,8,0,28,0.714285714,male,1.041666667
Jamelle,Jones,72,205,75,7,5,0,12,0.583333333,male,1.041666667
Shawn,Jordan,72,260,75,18,7,0,25,0.72,male,1.041666667
Nico,Musoke,72,170,75,13,5,0,18,0.722222222,male,1.041666667
Jason,Novelli,72,155,75,11,3,1,15,0.766666667,male,1.041666667
Leonardo,Santos,72,155,75,17,4,1,22,0.795454545,male,1.041666667
Stefan,Sekulic,72,170,75,12,3,0,15,0.8,male,1.041666667
Peter,Sobotta,72,170,75,17,6,1,24,0.729166667,male,1.041666667
Stephen,Thompson,72,170,75,14,4,1,19,0.763157895,male,1.041666667
Karlos,Vemola,72,185,75,10,4,0,14,0.714285714,male,1.041666667
Bobby,Voelker,72,170,75,24,12,0,36,0.666666667,male,1.041666667
Keith,Wisniewski,72,170,75,28,13,1,42,0.678571429,male,1.041666667
David,Zawada,72,170,75,16,5,0,21,0.761904762,male,1.041666667
Steve,Garcia,72,135,75,9,3,0,12,0.75,male,1.041666667
Papy,Abedi,71,185,74,9,3,0,12,0.75,male,1.042253521
Wanderlei,Silva,71,205,74,35,12,1,48,0.739583333,male,1.042253521
Khama,Worthy,71,155,74,15,6,0,21,0.714285714,male,1.042253521
Sultan,Aliev,71,170,74,15,3,0,18,0.833333333,male,1.042253521
Pat,Barry,71,235,74,8,7,0,15,0.533333333,male,1.042253521
Roan,Carneiro,71,170,74,21,11,0,32,0.65625,male,1.042253521
Nicolas,Dalby,71,170,74,18,3,1,22,0.840909091,male,1.042253521
Dan,Henderson,71,185,74,32,15,0,47,0.680851064,male,1.042253521
Tim,Kennedy,71,185,74,18,6,0,24,0.75,male,1.042253521
Robbie,Lawler,71,170,74,28,14,0,42,0.666666667,male,1.042253521
Chris,Leben,71,185,74,22,11,0,33,0.666666667,male,1.042253521
Jorge,Masvidal,71,170,74,34,13,0,47,0.723404255,male,1.042253521
Alan,Patrick,71,155,74,15,2,0,17,0.882352941,male,1.042253521
Louis,Taylor,71,185,74,11,3,0,14,0.785714286,male,1.042253521
Austin,Vanderford,71,170,74,4,0,0,4,1,male,1.042253521
Emil,Meek,71,170,74,9,4,1,14,0.678571429,male,1.042253521
Roger,Zapata,71,170,74,4,3,0,7,0.571428571,male,1.042253521
Andre,Fili,71,145,74,20,6,0,26,0.769230769,male,1.042253521
Josh,Grispi,71,145,74,14,5,0,19,0.736842105,male,1.042253521
Terrance,McKinney,71,145,74,7,1,0,8,0.875,male,1.042253521
Jun Yong,Park,70,185,73,10,4,0,14,0.714285714,male,1.042857143
Vagner,Rocha,70,155,73,11,4,0,15,0.733333333,male,1.042857143
Yoshihiro,Akiyama,70,170,73,14,6,0,20,0.7,male,1.042857143
Josh,Appelt,70,255,73,15,6,0,21,0.714285714,male,1.042857143
Peter,Barrett,70,155,73,8,2,0,10,0.8,male,1.042857143
Brad,Blackburn,70,170,73,18,13,1,32,0.578125,male,1.042857143
Ramiz,Brahimaj,70,170,73,8,2,0,10,0.8,male,1.042857143
Charles,Byrd,70,185,73,10,6,0,16,0.625,male,1.042857143
Frank,Camacho,70,170,73,22,7,0,29,0.75862069,male,1.042857143
Fabricio,Camoes,70,155,73,14,9,1,24,0.604166667,male,1.042857143
Mitch,Clarke,70,155,73,11,5,0,16,0.6875,male,1.042857143
Marc,Diakiese,70,155,73,14,3,0,17,0.823529412,male,1.042857143
Joe,Duffy,70,155,73,16,4,0,20,0.8,male,1.042857143
Tom,Gallicchio,70,170,73,19,11,0,30,0.633333333,male,1.042857143
Lewis,Gonzalez,70,170,73,10,2,0,12,0.833333333,male,1.042857143
Desmond,Green,70,155,73,23,8,0,31,0.741935484,male,1.042857143
Chris,Indich,70,170,73,5,3,0,8,0.625,male,1.042857143
Michael,Johnson,70,155,73,20,14,0,34,0.588235294,male,1.042857143
Rob,Kimmons,70,185,73,24,8,0,32,0.75,male,1.042857143
Josh,Koscheck,70,170,73,19,10,0,29,0.655172414,male,1.042857143
Ilir,Latifi,70,205,73,15,7,0,22,0.681818182,male,1.042857143
James,Mulheron,70,243,73,11,2,0,13,0.846153846,male,1.042857143
Cody,Pfister,70,155,73,12,6,1,19,0.657894737,male,1.042857143
Michel,Quinones,70,155,73,8,3,0,11,0.727272727,male,1.042857143
Abdul,Razak Alhassan,70,170,73,10,1,0,11,0.909090909,male,1.042857143
Takashi,Sato,70,170,73,15,3,0,18,0.833333333,male,1.042857143
Ben,Wall,70,155,73,7,2,1,10,0.75,male,1.042857143
Jimmy,Wallhead,70,170,73,29,11,0,40,0.725,male,1.042857143
Alex,Caceres,70,145,73,15,12,0,27,0.555555556,male,1.042857143
Martin,Day,70,135,73,8,3,0,11,0.727272727,male,1.042857143
Alex,Enlund,70,145,73,14,2,0,16,0.875,male,1.042857143
Jordan,Griffin,70,145,73,17,7,0,24,0.708333333,male,1.042857143
Myles,Jury,70,145,73,17,4,0,21,0.80952381,male,1.042857143
Benito,Lopez,70,135,73,10,1,0,11,0.909090909,male,1.042857143
Bobby,Moffett,70,145,73,14,5,0,19,0.736842105,male,1.042857143
Mackens,Semerzier,69,145,72,8,4,0,12,0.666666667,male,1.043478261
Junior,Assuncao,69,145,72,13,4,0,17,0.764705882,male,1.043478261
Phil,Baroni,69,170,72,14,15,0,29,0.482758621,male,1.043478261
Anthony,Christodoulou,69,155,72,12,6,0,18,0.666666667,male,1.043478261
Rich,Clementi,69,155,72,40,20,1,61,0.663934426,male,1.043478261
Joe,Ellenberger,69,155,72,15,2,0,17,0.882352941,male,1.043478261
Alex,Garcia,69,170,72,15,6,0,21,0.714285714,male,1.043478261
John,Gunther,69,155,72,7,2,0,9,0.777777778,male,1.043478261
Dennis,Hallman,69,155,72,67,14,2,83,0.819277108,male,1.043478261
Alexander,Hernandez,69,155,72,11,2,0,13,0.846153846,male,1.043478261
Jesse,Lennox,69,170,72,15,3,0,18,0.833333333,male,1.043478261
Jess,Liaudin,69,170,72,19,11,0,30,0.633333333,male,1.043478261
Cristiano,Marcello,69,155,72,13,6,0,19,0.684210526,male,1.043478261
David,Michaud,69,155,72,8,2,0,10,0.8,male,1.043478261
Nate,Mohr,69,155,72,9,7,0,16,0.5625,male,1.043478261
Felipe,Olivieri,69,155,72,14,5,0,19,0.736842105,male,1.043478261
Dustin,Poirier,69,155,72,25,6,0,31,0.806451613,male,1.043478261
Leandro,Silva,69,155,72,19,4,1,24,0.8125,male,1.043478261
Ben,Sosoli,69,265,72,7,2,0,9,0.777777778,male,1.043478261
Rodney,Wallace,69,205,72,11,4,1,16,0.71875,male,1.043478261
TJ,Brown,69,145,72,13,6,0,19,0.684210526,male,1.043478261
Justin,Gonzales,69,145,72,9,0,0,9,1,male,1.043478261
Tommy,Hayden,69,145,72,8,2,0,10,0.8,male,1.043478261
Dylan,Lockard,69,145,72,6,1,0,7,0.857142857,male,1.043478261
Albert,Morales,69,135,72,7,4,1,12,0.625,male,1.043478261
Phillipe,Nover,69,145,72,12,8,1,21,0.595238095,male,1.043478261
Juan,Puig,69,145,72,11,4,0,15,0.733333333,male,1.043478261
Maximo,Blanco,68,145,71,12,8,1,21,0.595238095,male,1.044117647
Ottman,Azaitar,68,155,71,12,0,0,12,1,male,1.044117647
Gesias,Cavalcante,68,155,71,16,5,1,22,0.75,male,1.044117647
Magomed,Mustafaev,68,155,71,14,2,0,16,0.875,male,1.044117647
Rafaello,Oliveira,68,155,71,15,7,0,22,0.681818182,male,1.044117647
Rousimar,Palhares,68,170,71,24,5,0,29,0.827586207,male,1.044117647
Kazula,Vargas,68,155,71,10,3,0,13,0.769230769,male,1.044117647
Jorge,de Oliveira,68,155,71,7,2,0,9,0.777777778,male,1.044117647
Rafael,Fiziev,68,155,71,6,1,0,7,0.857142857,male,1.044117647
Jason,High,68,155,71,19,5,0,24,0.791666667,male,1.044117647
Terry,Martin,68,185,71,22,9,0,31,0.709677419,male,1.044117647
Jim,Miller,68,155,71,31,13,0,44,0.704545455,male,1.044117647
Lukasz,Sajewski,68,155,71,13,3,0,16,0.8125,male,1.044117647
Gabriel,Benitez,68,145,71,21,8,0,29,0.724137931,male,1.044117647
Martin,Bravo,68,145,71,12,3,0,15,0.8,male,1.044117647
Rico,DiSciullo,68,135,71,9,1,0,10,0.9,male,1.044117647
Rob,Font,68,135,71,16,4,0,20,0.8,male,1.044117647
Ricardo,Lamas,68,145,71,19,8,0,27,0.703703704,male,1.044117647
Robert,Peralta,68,145,71,18,6,0,24,0.75,male,1.044117647
Jack,Shore,68,135,71,12,0,0,12,1,male,1.044117647
Alex,Soto,68,135,71,6,2,1,9,0.722222222,male,1.044117647
Austin,Springer,68,145,71,10,3,0,13,0.769230769,male,1.044117647
Ken,Stone,68,135,71,11,4,0,15,0.733333333,male,1.044117647
Terrion,Ware,68,135,71,17,9,0,26,0.653846154,male,1.044117647
Danaa,Batgerel,67,135,70,6,2,0,8,0.75,male,1.044776119
Jose,Aldo,67,145,70,28,5,0,33,0.848484848,male,1.044776119
Julio,Arce,67,145,70,16,3,0,19,0.842105263,male,1.044776119
Kyle,Bochniak,67,145,70,8,5,0,13,0.615384615,male,1.044776119
Shinsho,Anzai,67,170,70,10,3,0,13,0.769230769,male,1.044776119
Caol,Uno,67,155,70,26,15,5,46,0.619565217,male,1.044776119
Spencer,Fisher,67,155,70,25,9,0,34,0.735294118,male,1.044776119
Takanori,Gomi,67,155,70,35,14,0,49,0.714285714,male,1.044776119
Clay,Guida,67,155,70,35,16,0,51,0.68627451,male,1.044776119
Thomas,Almeida,67,135,70,22,3,0,25,0.88,male,1.044776119
Enrique,Barzola,67,145,70,17,4,1,22,0.795454545,male,1.044776119
Brian,Bowles,67,135,70,10,3,0,13,0.769230769,male,1.044776119
John,Castaneda,67,135,70,13,2,0,15,0.866666667,male,1.044776119
Russell,Doane,67,135,70,15,8,0,23,0.652173913,male,1.044776119
Rony,Jason,67,145,70,15,7,0,22,0.681818182,male,1.044776119
Dashon,Johnson,67,145,70,9,2,0,11,0.818181818,male,1.044776119
Darrick,Minner,67,145,70,22,9,0,31,0.709677419,male,1.044776119
Vince,Morales,67,135,70,9,4,0,13,0.692307692,male,1.044776119
Brandon,Moreno,67,125,70,15,5,1,21,0.738095238,male,1.044776119
Jens,Pulver,67,145,70,25,15,1,41,0.62195122,male,1.044776119
Joe,Stevenson,67,145,70,31,14,0,45,0.688888889,male,1.044776119
Wagnney,Fabiano,66,145,69,14,3,0,17,0.823529412,male,1.045454545
Jinsoo,Son,66,135,69,9,4,0,13,0.692307692,male,1.045454545
Desmond,Torres,66,135,69,7,1,0,8,0.875,male,1.045454545
Nathaniel,Wood,66,135,69,16,3,0,19,0.842105263,male,1.045454545
Jeff,Curran,66,135,69,35,15,1,51,0.696078431,male,1.045454545
Jordan,Espinosa,66,125,69,14,6,0,20,0.7,male,1.045454545
Joseph,Morales,66,125,69,9,2,0,11,0.818181818,male,1.045454545
Sergio,Pettis,66,125,69,18,5,0,23,0.782608696,male,1.045454545
Ricardo,Ramos,66,135,69,13,2,0,15,0.866666667,male,1.045454545
Ricky,Simon,66,135,69,15,2,0,17,0.882352941,male,1.045454545
Nolan,Ticman,66,125,69,4,3,0,7,0.571428571,male,1.045454545
Richie,Vaculik,66,125,69,10,5,0,15,0.666666667,male,1.045454545
Deiveson,Figueiredo,65,125,68,17,1,0,18,0.944444444,male,1.046153846
Ryan,Benoit,65,125,68,10,5,0,15,0.666666667,male,1.046153846
Tim,Gorman,65,135,68,9,4,0,13,0.692307692,male,1.046153846
Kevin,Gray,64,125,67,9,4,0,13,0.692307692,male,1.046875
Carlos,Huachin,64,135,67,10,5,1,16,0.65625,male,1.046875
John,Dodson,63,135,66,21,11,0,32,0.65625,male,1.047619048
Demetrious,Johnson,63,125,66,27,3,1,31,0.887096774,male,1.047619048
Brett,Rogers,77,265,81,11,4,0,15,0.733333333,male,1.051948052
Adam,Wieczorek,77,250,81,10,2,0,12,0.833333333,male,1.051948052
Stipe,Miocic,76,240,80,19,3,0,22,0.863636364,male,1.052631579
Israel,Adesanya,76,185,80,18,0,0,18,1,male,1.052631579
Curtis,Blaydes,76,265,80,12,2,0,14,0.857142857,male,1.052631579
Corey,Hill,76,155,80,4,4,0,8,0.5,male,1.052631579
Justin,Ledet,76,205,80,9,2,0,11,0.818181818,male,1.052631579
Alistair,Overeem,76,265,80,45,17,0,62,0.725806452,male,1.052631579
Antonio,Silva,76,264,80,19,10,1,30,0.65,male,1.052631579
Corey,Anderson,75,205,79,13,4,0,17,0.764705882,male,1.053333333
Chris,Birchler,75,205,79,7,3,0,10,0.7,male,1.053333333
Derrick,Lewis,75,260,79,21,7,0,28,0.75,male,1.053333333
Bevon,Lewis,75,185,79,6,2,0,8,0.75,male,1.053333333
Vinny,Magalhaes,75,205,79,11,7,0,18,0.611111111,male,1.053333333
Frank,Mir,75,264,79,18,11,0,29,0.620689655,male,1.053333333
Matt,Mitrione,75,265,79,9,5,0,14,0.642857143,male,1.053333333
Roger,Narvaez,75,185,79,7,2,0,9,0.777777778,male,1.053333333
Tyson,Pedro,75,205,79,7,3,0,10,0.7,male,1.053333333
Josh,Samman,75,185,79,12,5,0,17,0.705882353,male,1.053333333
Dequan,Townsend,75,205,79,21,9,0,30,0.7,male,1.053333333
Jan,Blachowicz,74,205,78,24,8,0,32,0.75,male,1.054054054
Ildemar,Alcantara,74,185,78,21,8,0,29,0.724137931,male,1.054054054
Abdul-Kerim,Edilov,74,205,78,17,4,0,21,0.80952381,male,1.054054054
Brian,Camozzi,74,170,78,7,5,0,12,0.583333333,male,1.054054054
Adam,Cella,74,170,78,4,2,0,6,0.666666667,male,1.054054054
Colin,Fletcher,74,155,78,9,3,0,12,0.75,male,1.054054054
Brian,Houston,74,185,78,4,2,0,6,0.666666667,male,1.054054054
Anthony,Johnson,74,205,78,22,6,0,28,0.785714286,male,1.054054054
Chris,Weidman,74,205,78,14,5,0,19,0.736842105,male,1.054054054
Sean,Woodson,74,145,78,7,0,0,7,1,male,1.054054054
Kailan,Hill,73,185,77,4,1,0,5,0.8,male,1.054794521
Zu,Anyanwu,73,251,77,14,5,0,19,0.736842105,male,1.054794521
Igor,Araujo,73,170,77,25,8,0,33,0.757575758,male,1.054794521
Antwain,Britt,73,205,77,11,5,0,16,0.6875,male,1.054794521
Derek,Brunson,73,185,77,20,7,0,27,0.740740741,male,1.054794521
Michael,Cora,73,170,77,4,1,0,5,0.8,male,1.054794521
Ed,Herman,73,205,77,25,14,0,39,0.641025641,male,1.054794521
Jack,Hermansson,73,185,77,20,5,0,25,0.8,male,1.054794521
Krzysztof,Jotko,73,185,77,21,4,0,25,0.84,male,1.054794521
Gerald,Meerschaert,73,185,77,29,12,0,41,0.707317073,male,1.054794521
Vitor,Miranda,73,185,77,13,7,0,20,0.65,male,1.054794521
Ricky,Rainey,73,170,77,13,6,0,19,0.684210526,male,1.054794521
Krzysztof,Soszynski,73,205,77,26,12,1,39,0.679487179,male,1.054794521
Mike,Swick,73,170,77,15,6,0,21,0.714285714,male,1.054794521
Cain,Velasquez,73,240,77,14,3,0,17,0.823529412,male,1.054794521
Zelim,Imadaev,72,170,76,8,1,0,9,0.888888889,male,1.055555556
Kamaru,Usman,72,170,76,15,1,0,16,0.9375,male,1.055555556
Bojan,Velickovic,72,170,76,15,6,1,22,0.704545455,male,1.055555556
Nate,Diaz,72,170,76,21,11,0,32,0.65625,male,1.055555556
Jon,Fitch,72,170,76,27,5,1,33,0.833333333,male,1.055555556
Eddie,Gordon,72,185,76,8,4,0,12,0.666666667,male,1.055555556
Jake,Hecht,72,170,76,11,4,0,15,0.733333333,male,1.055555556
David,Loiseau,72,185,76,20,10,0,30,0.666666667,male,1.055555556
Rory,MacDonald,72,170,76,18,4,0,22,0.818181818,male,1.055555556
Kris,McCray,72,170,76,6,3,0,9,0.666666667,male,1.055555556
Alonzo,Menifield,72,205,76,9,0,0,9,1,male,1.055555556
David,Mitchell,72,170,76,12,4,0,16,0.75,male,1.055555556
Khalid,Murtazaliev,72,185,76,14,2,0,16,0.875,male,1.055555556
Rafael,Natal,72,185,76,21,9,1,31,0.693548387,male,1.055555556
Seth,Petruzelli,72,205,76,14,6,0,20,0.7,male,1.055555556
Oskar,Piechota,72,185,76,11,2,1,14,0.821428571,male,1.055555556
Sean,Pierson,72,170,76,14,6,0,20,0.7,male,1.055555556
Igor,Pokrajac,72,205,76,28,13,0,41,0.682926829,male,1.055555556
Niko,Price,72,170,76,14,3,0,17,0.823529412,male,1.055555556
Ricardo,Romero,72,205,76,11,3,0,14,0.785714286,male,1.055555556
Kyle,Stewart,72,170,76,11,3,0,14,0.785714286,male,1.055555556
Darko,Stosic,72,205,76,13,3,0,16,0.8125,male,1.055555556
Jordan,Williams,72,185,76,8,2,0,10,0.8,male,1.055555556
Viscardi,Andrade,71,170,75,19,7,0,26,0.730769231,male,1.056338028
Kajan,Johnson,71,155,75,23,14,1,38,0.618421053,male,1.056338028
Impa,Kasanganay,71,185,75,5,0,0,5,1,male,1.056338028
Benny,Alloway,71,170,75,13,6,0,19,0.684210526,male,1.056338028
Edson,Barboza,71,155,75,20,8,0,28,0.714285714,male,1.056338028
Vicente,Luque,71,170,75,17,6,1,24,0.729166667,male,1.056338028
Travis,Lutter,71,185,75,10,6,0,16,0.625,male,1.056338028
William,Patolino,71,170,75,8,3,0,11,0.727272727,male,1.056338028
Court,McGee,71,170,75,20,9,0,29,0.689655172,male,1.056338028
Geoff,Neal,71,170,75,12,2,0,14,0.857142857,male,1.056338028
Ramsey,Nijem,71,155,75,10,6,0,16,0.625,male,1.056338028
Claude,Patrick,71,170,75,14,2,0,16,0.875,male,1.056338028
Carlo,Pedersoli,71,170,75,11,3,0,14,0.785714286,male,1.056338028
John,Phillips,71,185,75,22,9,0,31,0.709677419,male,1.056338028
Pete,Sell,71,170,75,9,5,0,14,0.642857143,male,1.056338028
TJ,Waldburger,71,170,75,16,9,0,25,0.64,male,1.056338028
Shane,Burgos,71,145,75,12,1,0,13,0.923076923,male,1.056338028
Dominique,Steele,70,170,74,14,9,0,23,0.608695652,male,1.057142857
Alen,Amedovski,70,185,74,8,2,0,10,0.8,male,1.057142857
Marcus,Aurelio,70,155,74,21,10,0,31,0.677419355,male,1.057142857
Kevin,Burns,70,170,74,9,5,0,14,0.642857143,male,1.057142857
Leo,Kuntz,70,155,74,17,3,1,21,0.833333333,male,1.057142857
Enrique,Marin,70,170,74,9,4,0,13,0.692307692,male,1.057142857
Ismail,Naurdiev,70,170,74,19,3,0,22,0.863636364,male,1.057142857
Nick,Newell,70,155,74,14,1,0,15,0.933333333,male,1.057142857
Charles,Oliveira,70,155,74,27,8,0,35,0.771428571,male,1.057142857
Daniel,Roberts,70,170,74,12,4,0,16,0.75,male,1.057142857
Kenny,Robertson,70,170,74,15,5,0,20,0.75,male,1.057142857
Amir,Sadollah,70,170,74,7,5,0,12,0.583333333,male,1.057142857
Jamall,Emmers,70,145,74,13,3,0,16,0.8125,male,1.057142857
Kenny,Florian,70,145,74,14,6,0,20,0.7,male,1.057142857
Kyung Ho,Kang,69,135,73,16,8,0,24,0.666666667,male,1.057971014
Mairbek,Taisumov,69,155,73,27,6,0,33,0.818181818,male,1.057971014
John,Cofer,69,155,73,7,4,0,11,0.636363636,male,1.057971014
Marvin,Eastman,69,185,73,17,14,1,32,0.546875,male,1.057971014
Yves,Edwards,69,155,73,42,22,1,65,0.653846154,male,1.057971014
Matt,Hughes,69,170,73,45,9,0,54,0.833333333,male,1.057971014
Dave,Jansen,69,155,73,15,3,0,18,0.833333333,male,1.057971014
Ivan,Jorge,69,155,73,26,5,0,31,0.838709677,male,1.057971014
Daniel,Sarafian,69,185,73,10,6,0,16,0.625,male,1.057971014
David,Teymur,69,155,73,8,2,0,10,0.8,male,1.057971014
Randy,Costa,69,135,73,5,1,0,6,0.833333333,male,1.057971014
Yazan,Hajeh,69,145,73,6,1,0,7,0.857142857,male,1.057971014
Gilbert,Melendez,69,145,73,22,8,0,30,0.733333333,male,1.057971014
Lerone,Murphy,69,145,73,8,0,1,9,0.944444444,male,1.057971014
Te,Edwards,68,155,72,6,3,0,9,0.666666667,male,1.058823529
Jamie,Varner,68,155,72,21,11,1,33,0.651515152,male,1.058823529
Sheymon,Moraes,68,145,72,11,4,0,15,0.733333333,male,1.058823529
Su,Mudaerji,68,135,72,11,4,0,15,0.733333333,male,1.058823529
Daron,Cruickshank,68,155,72,16,8,0,24,0.666666667,male,1.058823529
Anton,Kuivanen,68,155,72,17,6,0,23,0.739130435,male,1.058823529
Mark,Madsen,68,155,72,9,0,0,9,1,male,1.058823529
Brian,Melancon,68,170,72,7,3,0,10,0.7,male,1.058823529
Jerrod,Sanders,68,135,72,15,3,0,18,0.833333333,male,1.058823529
Renee,Forte,67,155,71,8,4,0,12,0.666666667,male,1.059701493
Aljamain,Sterling,67,135,71,18,3,0,21,0.857142857,male,1.059701493
Rodrigo,Damm,67,155,71,12,9,0,21,0.571428571,male,1.059701493
Gregor,Gillespie,67,155,71,13,0,0,13,1,male,1.059701493
John,Howard,67,170,71,23,12,0,35,0.657142857,male,1.059701493
Brad,Riddell,67,155,71,7,1,0,8,0.875,male,1.059701493
Johnny,Eduardo,67,135,71,28,12,0,40,0.7,male,1.059701493
Dan,Ige,67,145,71,12,2,0,14,0.857142857,male,1.059701493
Brett,Johns,67,135,71,15,2,0,17,0.882352941,male,1.059701493
Dustin,Kimura,67,135,71,12,3,0,15,0.8,male,1.059701493
Davi,Ramos,66,155,70,10,3,0,13,0.769230769,male,1.060606061
Renan,Barao,66,135,70,36,8,0,44,0.818181818,male,1.060606061
Mike,Brown,66,145,70,26,9,0,35,0.742857143,male,1.060606061
Deron,Winn,66,185,70,6,1,0,7,0.857142857,male,1.060606061
Fernando,Bruno,66,145,70,16,4,0,20,0.8,male,1.060606061
Mike,Easton,66,135,70,13,5,0,18,0.722222222,male,1.060606061
Josh,Emmett,66,145,70,15,2,0,17,0.882352941,male,1.060606061
Nam,Phan,66,135,70,18,14,0,32,0.5625,male,1.060606061
Dennis,Siver,66,145,70,23,11,0,34,0.676470588,male,1.060606061
Khalid,Taha,65,135,69,14,2,0,16,0.875,male,1.061538462
Daniel,Teymur,65,145,69,7,3,0,10,0.7,male,1.061538462
Jimmie,Rivera,64,135,68,22,4,0,26,0.846153846,male,1.0625
Bentley,Syler,64,125,68,5,1,0,6,0.833333333,male,1.0625
John,Lineker,63,135,67,31,9,0,40,0.775,male,1.063492063
Philip,De Fries,77,250,82,9,3,0,12,0.75,male,1.064935065
Richard,Odoms,77,265,82,8,1,0,9,0.888888889,male,1.064935065
Antonio,Trocoli,77,205,82,11,3,0,14,0.785714286,male,1.064935065
Johnny,Walker,77,205,82,17,3,0,20,0.85,male,1.064935065
Ciryl,Gane,76,245,81,4,0,0,4,1,male,1.065789474
Soa,Palelei,76,265,81,22,5,0,27,0.814814815,male,1.065789474
James,Bochnovic,76,205,81,8,3,0,11,0.727272727,male,1.065789474
Alex,Nicholson,76,185,81,7,4,0,11,0.636363636,male,1.065789474
Ovince,Saint Preux,75,205,80,24,13,0,37,0.648648649,male,1.066666667
Chris,de la Rocha,75,250,80,5,3,0,8,0.625,male,1.066666667
Jason,MacDonald,75,185,80,26,16,0,42,0.619047619,male,1.066666667
Neil,Magny,75,170,80,21,8,0,29,0.724137931,male,1.066666667
Philip,Rowe,75,170,80,6,2,0,8,0.75,male,1.066666667
Rob,Wilkinson,75,185,80,11,2,0,13,0.846153846,male,1.066666667
Antonio,Carlos Junior,74,185,79,11,4,0,15,0.733333333,male,1.067567568
Phil,Davis,74,205,79,13,3,0,16,0.8125,male,1.067567568
Jordan,Johnson,74,205,79,10,0,0,10,1,male,1.067567568
Tebaris,Gordon,73,265,78,3,1,0,4,0.75,male,1.068493151
Saparbeg,Safarov,73,205,78,9,2,0,11,0.818181818,male,1.068493151
David,Branch,73,185,78,22,6,0,28,0.785714286,male,1.068493151
Cezar,Ferreira,73,185,78,14,8,0,22,0.636363636,male,1.068493151
Jason,Jackson,73,170,78,7,2,0,9,0.777777778,male,1.068493151
Thales,Leites,73,185,78,28,9,0,37,0.756756757,male,1.068493151
Justin,Willis,73,264,78,8,2,0,10,0.8,male,1.068493151
Glaico,Franca,72,155,77,14,5,0,19,0.736842105,male,1.069444444
Anthony,Adams,72,185,77,7,1,0,8,0.875,male,1.069444444
Oliver,Enkamp,72,170,77,7,2,0,9,0.777777778,male,1.069444444
Alberto,Mina,72,170,77,13,1,0,14,0.928571429,male,1.069444444
Mike,Ricci,72,155,77,9,4,0,13,0.692307692,male,1.069444444
Felipe,Silva,72,155,77,8,2,0,10,0.8,male,1.069444444
Clifford,Starks,72,185,77,8,2,0,10,0.8,male,1.069444444
Rashad,Coulter,71,205,76,9,4,0,13,0.692307692,male,1.070422535
Tony,Ferguson,71,155,76,26,3,0,29,0.896551724,male,1.070422535
Max,Griffin,71,170,76,15,7,0,22,0.681818182,male,1.070422535
JJ,Okanovich,71,155,76,6,1,0,7,0.857142857,male,1.070422535
Alex,Oliveira,71,170,76,19,8,1,28,0.696428571,male,1.070422535
Stephen,Regman,71,185,76,9,3,0,12,0.75,male,1.070422535
Georges,St-Pierre,71,185,76,26,2,0,28,0.928571429,male,1.070422535
Maki,Pitolo,70,170,75,12,5,0,17,0.705882353,male,1.071428571
Ryan,Couture,70,155,75,7,3,0,10,0.7,male,1.071428571
Yancy,Medeiros,70,155,75,15,6,0,21,0.714285714,male,1.071428571
Sean,Spencer,70,170,75,12,6,0,18,0.666666667,male,1.071428571
Montel,Jackson,70,135,75,8,1,0,9,0.888888889,male,1.071428571
Kamuela,Kirk,70,145,75,9,2,0,11,0.818181818,male,1.071428571
Yaotzin,Meza,69,145,74,21,11,0,32,0.65625,male,1.072463768
Herbert,Burns,69,145,74,8,2,0,10,0.8,male,1.072463768
Diego,Ferreira,69,155,74,16,2,0,18,0.888888889,male,1.072463768
Conor,McGregor,69,155,74,21,4,0,25,0.84,male,1.072463768
Jeff,Monson,69,247,74,43,12,1,56,0.776785714,male,1.072463768
Tyron,Woodley,69,170,74,19,4,1,24,0.8125,male,1.072463768
Adam,Yandiev,69,185,74,9,1,0,10,0.9,male,1.072463768
Thanh,Le,69,145,74,6,1,0,7,0.857142857,male,1.072463768
Dustin,Pague,69,135,74,11,10,0,21,0.523809524,male,1.072463768
Ricky,Steele,69,135,74,5,0,0,5,1,male,1.072463768
Cheyden,Leialoha,68,135,73,6,0,0,6,1,male,1.073529412
Patrick,Williams,68,135,73,8,6,0,14,0.571428571,male,1.073529412
Rustam,Khabilov,68,155,73,23,4,0,27,0.851851852,male,1.073529412
Alex,Da Silva,68,155,73,21,2,0,23,0.913043478,male,1.073529412
Felipe,Arantes,68,135,73,18,10,1,29,0.637931034,male,1.073529412
Hakeem,Dawodu,68,145,73,10,1,1,12,0.875,male,1.073529412
Movsar,Evloev,67,145,72,11,0,0,11,1,male,1.074626866
Chan Sung,Jung,67,145,72,15,5,0,20,0.75,male,1.074626866
Arman,Tsarukyan,67,155,72,14,2,0,16,0.875,male,1.074626866
Geraldo,de Freitas,67,135,72,12,5,0,17,0.705882353,male,1.074626866
Cole,Escovedo,67,135,72,17,8,0,25,0.68,male,1.074626866
Alex,Gilpin,67,145,72,11,1,0,12,0.916666667,male,1.074626866
Mike,Grundy,67,145,72,12,1,0,13,0.923076923,male,1.074626866
Bharat,Kandare,67,135,72,5,3,0,8,0.625,male,1.074626866
Alexander,Volkanovski,66,145,71,20,1,0,21,0.952380952,male,1.075757576
Hermes,Franca,66,155,71,22,12,0,34,0.647058824,male,1.075757576
JR,Coughran,66,145,71,6,1,0,7,0.857142857,male,1.075757576
Gabriel,Silva,66,135,71,7,1,0,8,0.875,male,1.075757576
Anderson,Dos Santos,65,135,70,20,8,0,28,0.714285714,male,1.076923077
Kwan,Ho Kwak,65,135,70,9,2,0,11,0.818181818,male,1.076923077
Damian,Stasiak,65,135,70,10,6,0,16,0.625,male,1.076923077
Kennedy,Nzechukwu,77,205,83,7,1,0,8,0.875,male,1.077922078
Kai,Kara-France,64,125,69,20,7,0,27,0.740740741,male,1.078125
Juan,Espino,76,250,82,10,1,0,11,0.909090909,male,1.078947368
Lavar,Johnson,76,240,82,17,7,0,24,0.708333333,male,1.078947368
Cheick,Kongo,76,240,82,29,9,2,40,0.75,male,1.078947368
Mike,Rodriguez,76,205,82,10,3,0,13,0.769230769,male,1.078947368
Kevin,Holland,75,185,81,16,5,0,21,0.761904762,male,1.08
Brock,Lesnar,75,265,81,5,3,0,8,0.625,male,1.08
Goran,Reljic,75,205,81,9,3,0,12,0.75,male,1.08
Jamie,Pickett,74,185,80,9,3,0,12,0.75,male,1.081081081
Shane,Carwin,74,265,80,12,2,0,14,0.857142857,male,1.081081081
Aleksei,Oleinik,74,240,80,57,13,1,71,0.809859155,male,1.081081081
Justin,Sumter,74,185,80,7,2,0,9,0.777777778,male,1.081081081
Jimi,Manuwa,73,205,79,17,6,0,23,0.739130435,male,1.082191781
Simeon,Thoresen,73,170,79,17,4,1,22,0.795454545,male,1.082191781
Dominic,Waters,73,170,79,9,5,0,14,0.642857143,male,1.082191781
Nicolae,Negumereanu,72,205,78,9,1,0,10,0.9,male,1.083333333
Muhammed,Lawal,72,205,78,9,1,0,10,0.9,male,1.083333333
Aalon,Cruz,72,145,78,7,2,0,9,0.777777778,male,1.083333333
Jared,Cannonier,71,185,77,13,4,0,17,0.764705882,male,1.084507042
Kevin,Casey,71,185,77,9,5,1,15,0.633333333,male,1.084507042
Gerald,Harris,71,185,77,19,4,0,23,0.826086957,male,1.084507042
Denis,Kang,71,185,77,34,15,2,51,0.68627451,male,1.084507042
Ramazan,Emeev,70,170,76,18,3,0,21,0.857142857,male,1.085714286
Evangelista,Santos,70,170,76,18,15,0,33,0.545454545,male,1.085714286
Ricardo,Funch,70,170,76,8,4,0,12,0.666666667,male,1.085714286
Eddie,Mendez,70,185,76,7,2,1,10,0.75,male,1.085714286
Shamar,Bailey,69,155,75,12,5,0,17,0.705882353,male,1.086956522
Gilbert,Smith,69,185,75,5,2,0,7,0.714285714,male,1.086956522
Cain,Carrizosa,68,155,74,6,2,0,8,0.75,male,1.088235294
Sidney,Outlaw,68,170,74,8,4,0,12,0.666666667,male,1.088235294
Ode,Osbourne,67,135,73,7,2,0,9,0.777777778,male,1.089552239
Kevin,Aguilar,67,145,73,17,2,0,19,0.894736842,male,1.089552239
Godofredo,Pepey,67,145,73,14,6,0,20,0.7,male,1.089552239
Liu,Pingyuan,66,135,72,13,6,0,19,0.684210526,male,1.090909091
Vernon,Ramos,66,170,72,3,2,0,5,0.6,male,1.090909091
Francis,Ngannou,76,250,83,14,3,0,17,0.823529412,male,1.092105263
Carls,John De Tomas,65,125,71,8,2,0,10,0.8,male,1.092307692
Uriah,Hall,72,185,79,16,9,0,25,0.64,male,1.097222222
Oluwale,Bamgbose,71,185,78,6,4,0,10,0.6,male,1.098591549
Justin,Jones,71,185,78,9,2,0,11,0.818181818,male,1.098591549
Abu,Azaitar,69,185,76,14,1,1,16,0.90625,male,1.101449275
Paul,Daley,69,170,76,31,11,2,44,0.727272727,male,1.101449275
Caros,Fodor,69,155,76,7,3,0,10,0.7,male,1.101449275
Devonte,Smith,69,155,76,10,2,0,12,0.833333333,male,1.101449275
Miguel,Torres,69,135,76,39,5,0,44,0.886363636,male,1.101449275
Mark,Bocek,68,155,75,12,5,0,17,0.705882353,male,1.102941176
Andre,Ewell,68,135,75,15,6,0,21,0.714285714,male,1.102941176
Jon,Jones,76,205,84,25,1,0,26,0.961538462,male,1.105263158
Taylor,Lapilus,66,135,73,11,2,0,13,0.846153846,male,1.106060606
Marcus,Brimage,64,135,71,7,5,0,12,0.583333333,male,1.109375
Rameau Thierry,Sokoudjou,70,205,78,12,10,0,22,0.545454545,male,1.114285714
Kevin,Lee,69,170,77,17,5,0,22,0.772727273,male,1.115942029
Dalcha,Lungiambula,68,205,76,10,1,0,11,0.909090909,male,1.117647059
Rodrigo,de Lima,67,155,75,8,3,1,12,0.708333333,male,1.119402985
Sergei,Pavlovich,75,257,84,13,1,0,14,0.928571429,male,1.12
Micol,Di Segni,63,115,60,7,2,0,9,0.777777778,female,0.952380952
Hannah,Goldy,64,125,61,5,1,0,6,0.833333333,female,0.953125
Sheila,Gaff,65,135,62,10,6,1,17,0.617647059,female,0.953846154
Jocelyn,Jones-Lybarger,67,115,64,6,4,0,10,0.6,female,0.955223881
Leslie,Smith,69,135,66,10,7,1,18,0.583333333,female,0.956521739
Peggy,Morgan,73,135,70,2,1,0,3,0.666666667,female,0.95890411
Milana,Dudieva,63,135,61,11,5,0,16,0.6875,female,0.968253968
Liana,Jojua,64,135,62,7,3,0,10,0.7,female,0.96875
Molly,McCann,64,125,62,10,2,0,12,0.833333333,female,0.96875
Lisa,Ellis,64,115,62,15,10,0,25,0.6,female,0.96875
Maia,Stevenson,64,115,62,6,5,0,11,0.545454545,female,0.96875
Xiaonan,Yan,65,115,63,11,1,0,12,0.916666667,female,0.969230769
Emily,Whitmire,65,115,63,4,3,0,7,0.571428571,female,0.969230769
Gillian,Robertson,65,125,63,7,4,0,11,0.636363636,female,0.969230769
Bec,Rawlings,66,125,64,7,8,0,15,0.466666667,female,0.96969697
Heather Jo,Clark,66,115,64,7,6,0,13,0.538461538,female,0.96969697
Priscila,Cachoeira,67,125,65,8,3,0,11,0.727272727,female,0.970149254
Lina,Lansberg,67,135,65,10,4,0,14,0.714285714,female,0.970149254
Yanan,Wu,68,125,66,10,3,0,13,0.769230769,female,0.970588235
Marloes,Coenen,69,145,67,21,5,0,26,0.807692308,female,0.971014493
Bristol,Marunde,73,170,71,12,9,0,21,0.571428571,female,0.97260274
Rin,Nakai,61,135,60,16,2,1,19,0.868421053,female,0.983606557
Tecia,Torres,61,115,60,10,5,0,15,0.666666667,female,0.983606557
Ariane,Carnelossi,62,115,61,12,2,0,14,0.857142857,female,0.983870968
Michelle,Waterson,63,115,62,17,7,0,24,0.708333333,female,0.984126984
Rachael,Ostovich,63,125,62,4,5,0,9,0.444444444,female,0.984126984
Weili,Zhang,64,115,63,20,1,0,21,0.952380952,female,0.984375
Mackenzie,Dern,64,115,63,7,1,0,8,0.875,female,0.984375
Claudia,Gadelha,64,115,63,17,4,0,21,0.80952381,female,0.984375
Randa,Markos,64,115,63,9,8,1,18,0.527777778,female,0.984375
Mallory,Martin,64,115,63,4,2,0,6,0.666666667,female,0.984375
Karine,Gevorgyan,64,125,63,3,3,0,6,0.5,female,0.984375
Jessica-Rose,Clark,65,125,64,9,5,0,14,0.642857143,female,0.984615385
Bethe,Correia,65,135,64,11,4,1,16,0.71875,female,0.984615385
Justine,Kish,65,125,64,6,2,0,8,0.75,female,0.984615385
Nina,Ansaroff,65,115,64,10,6,0,16,0.625,female,0.984615385
Julie,Kedzie,65,135,64,16,13,0,29,0.551724138,female,0.984615385
Marina,Rodriguez,66,115,65,12,0,1,13,0.961538462,female,0.984848485
Joanne,Calderwood,66,125,65,14,4,0,18,0.777777778,female,0.984848485
Joanna,Jedrzejczyk,66,125,65,16,3,0,19,0.842105263,female,0.984848485
Elizabeth,Phillips,66,135,65,5,4,0,9,0.555555556,female,0.984848485
Miesha,Tate,66,135,65,18,7,0,25,0.72,female,0.984848485
Pannie,Kianzad,67,135,66,12,5,0,17,0.705882353,female,0.985074627
Julija,Stoliarenko,67,145,66,4,4,1,9,0.5,female,0.985074627
Kelly,Faszholz,68,135,67,3,2,0,5,0.6,female,0.985294118
Antonina,Shevchenko,68,125,67,8,1,0,9,0.888888889,female,0.985294118
Poliana,Botelho,68,115,67,8,2,0,10,0.8,female,0.985294118
Ashlee,Evans-Smith,68,125,67,6,4,0,10,0.6,female,0.985294118
Lucie,Pudilova,68,125,67,8,5,0,13,0.615384615,female,0.985294118
Irene,Aldana,69,135,68,11,5,0,16,0.6875,female,0.985507246
Alexis,Dufresne,69,135,68,5,4,0,9,0.555555556,female,0.985507246
Katlyn,Chookagian,69,125,68,12,2,0,14,0.857142857,female,0.985507246
Sage,Northcutt,72,170,71,11,2,0,13,0.846153846,female,0.986111111
Ketlen,Vieira,68,135,68,10,0,0,10,1,female,1
Megan,Anderson,72,145,72,10,4,0,14,0.714285714,female,1
Shayna,Baszler,67,135,67,15,10,0,25,0.6,female,1
Liz,Carmouche,66,125,66,13,7,0,20,0.65,female,1
Melinda,Fabian,66,125,66,4,4,2,10,0.5,female,1
Aspen,Ladd,66,135,66,8,1,0,9,0.888888889,female,1
Veronica,Macedo,64,125,64,6,3,1,10,0.65,female,1
Vanessa,Melo,65,135,65,9,6,0,15,0.6,female,1
Sarah,Moras,67,135,67,6,6,0,12,0.5,female,1
Raquel,Pennington,67,135,67,10,8,0,18,0.555555556,female,1
Rosi,Sexton,63,135,63,13,4,0,17,0.764705882,female,1
Seohee,Ham,62,115,62,16,8,0,24,0.666666667,female,1
Livinha,Souza,63,115,63,13,2,0,15,0.866666667,female,1
Alex,Chambers,63,115,63,5,5,0,10,0.5,female,1
Jessica,Aguilar,63,115,63,20,8,0,28,0.714285714,female,1
Cynthia,Calvillo,64,115,64,8,1,0,9,0.888888889,female,1
Cortney,Casey,67,115,67,8,7,0,15,0.533333333,female,1
Tina,Lahdemaki,62,115,62,5,1,0,6,0.833333333,female,1
Juliana,Lima,65,115,65,9,5,0,14,0.642857143,female,1
Rose,Namajunas,65,115,65,9,4,0,13,0.692307692,female,1
Kali,Robbins,63,115,63,6,2,0,8,0.75,female,1
Danielle,Taylor,60,115,60,9,4,0,13,0.692307692,female,1
Sabah,Homasi,72,170,72,11,8,0,19,0.578947368,female,1
Callan,Potter,72,170,72,18,8,0,26,0.692307692,female,1
Stevie,Ray,70,155,70,22,9,0,31,0.709677419,female,1
Maycee,Barber,65,125,65,8,0,0,8,1,female,1
Ariel,Beck,66,125,66,4,5,0,9,0.444444444,female,1
Julia,Budd,67,145,67,3,1,0,4,0.75,female,1
Jessica,Eye,66,125,66,14,7,0,21,0.666666667,female,1
Jennifer,Maia,64,125,64,17,5,1,23,0.760869565,female,1
Sara,McMann,66,135,66,11,5,0,16,0.6875,female,1
Maryna,Moroz,67,125,67,9,3,0,12,0.75,female,1
Kendall,Grove,78,185,79,13,10,0,23,0.565217391,female,1.012820513
Tai,Tuivasa,74,264,75,10,3,0,13,0.769230769,female,1.013513514
Riki,Fukuda,72,185,73,19,7,0,26,0.730769231,female,1.013888889
Yuri,Villefort,72,170,73,6,3,0,9,0.666666667,female,1.013888889
Macy,Chiasson,71,135,72,6,1,0,7,0.857142857,female,1.014084507
Shannon,Gugerty,70,155,71,14,6,0,20,0.7,female,1.014285714
Holly,Holm,68,135,69,12,5,0,17,0.705882353,female,1.014705882
Amanda,Nunes,68,135,69,18,4,0,22,0.818181818,female,1.014705882
Jaime,Alvarez,68,125,69,6,1,0,7,0.857142857,female,1.014705882
Julia,Avila,67,135,68,7,1,0,8,0.875,female,1.014925373
Diana,Belbita,67,125,68,13,5,0,18,0.722222222,female,1.014925373
Ronda,Rousey,67,135,68,12,2,0,14,0.857142857,female,1.014925373
Valerie,Letourneau,67,115,68,8,6,0,14,0.571428571,female,1.014925373
Jessica,Rakoczy,67,115,68,2,5,0,7,0.285714286,female,1.014925373
Karen,Darabedyan,67,155,68,9,4,0,13,0.692307692,female,1.014925373
Cindy,Dandois,67,135,68,8,3,0,11,0.727272727,female,1.014925373
Montana,De La Rosa,67,125,68,10,5,0,15,0.666666667,female,1.014925373
Miranda,Granger,67,125,68,7,0,0,7,1,female,1.014925373
Takeya,Mizugaki,67,135,68,21,11,2,34,0.647058824,female,1.014925373
Alexa,Grasso,65,115,66,11,3,0,14,0.785714286,female,1.015384615
Tatiana,Suarez,65,115,66,9,0,0,9,1,female,1.015384615
Nadia,Kassem,65,125,66,5,2,0,7,0.714285714,female,1.015384615
Valentina,Shevchenko,65,125,66,18,3,0,21,0.857142857,female,1.015384615
Kailin,Curran,64,115,65,4,6,0,10,0.4,female,1.015625
Felice,Herrig,64,115,65,14,8,0,22,0.636363636,female,1.015625
Paige,VanZant,64,115,65,8,4,0,12,0.666666667,female,1.015625
Barb,Honchak,64,125,65,10,5,0,15,0.666666667,female,1.015625
Amanda,Lemos,64,135,65,6,1,1,8,0.8125,female,1.015625
Amanda,Cooper,63,115,64,4,5,0,9,0.444444444,female,1.015873016
Angela,Hill,63,115,64,10,7,0,17,0.588235294,female,1.015873016
Virna,Jandiroba,63,115,64,14,1,0,15,0.933333333,female,1.015873016
Karolina,Kowalkiewicz,63,115,64,13,5,0,18,0.722222222,female,1.015873016
Cristina,Stanciu,63,115,64,5,2,0,7,0.714285714,female,1.015873016
Alexandra,Albu,62,115,63,7,1,0,8,0.875,female,1.016129032
Jessica,Andrade,61,115,62,20,7,0,27,0.740740741,female,1.016393443
Hannah,Cifers,61,115,62,10,3,0,13,0.769230769,female,1.016393443
Misha,Cirkunov,75,205,77,15,5,0,20,0.75,female,1.026666667
Nikita,Krylov,75,205,77,26,7,0,33,0.787878788,female,1.026666667
Aleksa,Camur,73,205,75,4,0,0,4,1,female,1.02739726
Taylor,Johnson,72,185,74,5,1,0,6,0.833333333,female,1.027777778
Jamie,Mullarkey,72,155,74,12,3,0,15,0.8,female,1.027777778
Michal,Oleksiejczuk,72,205,74,14,3,0,17,0.823529412,female,1.027777778
Jessamyn,Duke,71,135,73,3,3,0,6,0.5,female,1.028169014
Roxanne,Modafferi,67,125,69,23,17,0,40,0.575,female,1.029850746
Larissa,Pacheco,67,135,69,10,2,0,12,0.833333333,female,1.029850746
Christina,Marks,67,125,69,8,9,0,17,0.470588235,female,1.029850746
Cat,Zingano,66,145,68,10,4,0,14,0.714285714,female,1.03030303
Alexis,Davis,66,125,68,19,10,0,29,0.655172414,female,1.03030303
Gina,Mazany,66,135,68,5,3,0,8,0.625,female,1.03030303
Marion,Reneau,66,135,68,9,5,1,15,0.633333333,female,1.03030303
Felicia,Spencer,66,145,68,7,1,0,8,0.875,female,1.03030303
Ericka,Almeida,66,115,68,7,2,0,9,0.777777778,female,1.03030303
Yana,Kunitskaya,66,135,68,12,4,0,16,0.75,female,1.03030303
Sarah,Kaufman,65,135,67,17,4,0,21,0.80952381,female,1.030769231
Chanmi,Jeon,65,115,67,5,2,0,7,0.714285714,female,1.030769231
Polyana,Viana,65,115,67,10,4,0,14,0.714285714,female,1.030769231
Jessica,Penne,65,115,67,12,6,0,18,0.666666667,female,1.030769231
Lauren,Mueller,65,125,67,5,3,0,8,0.625,female,1.030769231
Lauren,Murphy,65,125,67,11,4,0,15,0.733333333,female,1.030769231
Karol,Rosa,65,135,67,12,3,0,15,0.8,female,1.030769231
Syuri,Kondo,64,115,66,6,3,0,9,0.666666667,female,1.03125
Mizuki,Inoue,63,125,65,14,5,0,19,0.736842105,female,1.031746032
Jamie,Colleen,63,115,65,4,1,0,5,0.8,female,1.031746032
Anna,Elmose,63,115,65,3,2,0,5,0.6,female,1.031746032
Tiffany,Masters,63,115,65,2,1,0,3,0.666666667,female,1.031746032
Aisling,Daly,62,115,64,16,6,0,22,0.727272727,female,1.032258065
Carla,Esparza,61,115,63,16,6,0,22,0.727272727,female,1.032786885
Viviane,Pereira,61,115,63,13,2,0,15,0.866666667,female,1.032786885
Brianna,Van Buren,60,115,62,9,2,0,11,0.818181818,female,1.033333333
Tonya,Evinger,67,135,70,19,8,0,27,0.703703704,female,1.044776119
Sabina,Mazo,67,125,70,7,1,0,8,0.875,female,1.044776119
Shana,Dobson,66,125,69,3,3,0,6,0.5,female,1.045454545
Andrea,Lee,66,125,69,11,3,0,14,0.785714286,female,1.045454545
Mara,Romero Borella,66,125,69,12,6,0,18,0.666666667,female,1.045454545
Luana,Carolina,66,125,69,6,1,0,7,0.857142857,female,1.045454545
Sarah,Frota,66,125,69,9,2,0,11,0.818181818,female,1.045454545
Julianna,Pena,66,135,69,10,3,0,13,0.769230769,female,1.045454545
Jenel,Lausa,65,125,68,7,5,0,12,0.583333333,female,1.046153846
Taila,Santos,65,125,68,15,1,0,16,0.9375,female,1.046153846
Sijara,Eubanks,64,135,67,5,4,0,9,0.555555556,female,1.046875
Lara,Procopio,64,135,67,6,1,0,7,0.857142857,female,1.046875
Emily,Peters Kagan,63,115,66,3,3,0,6,0.5,female,1.047619048
Amanda,Ribas,63,115,66,8,1,0,9,0.888888889,female,1.047619048
Jodie,Esquibel,61,115,64,6,6,0,12,0.5,female,1.049180328
Zarah,Fairn,68,145,72,6,3,0,9,0.666666667,female,1.058823529
Leah,Letson,67,145,71,5,2,0,7,0.714285714,female,1.059701493
Talita,Bernardo,64,135,68,6,4,0,10,0.6,female,1.0625
Pearl,Gonzalez,64,115,68,6,3,0,9,0.666666667,female,1.0625
Viviane,Araujo,64,125,68,8,1,0,9,0.888888889,female,1.0625
DeAnna,Bennett,64,125,68,8,3,1,12,0.708333333,female,1.0625
Ariane,Lipski,63,125,67,11,5,0,16,0.6875,female,1.063492063
Angela,Magana,61,115,65,11,9,0,20,0.55,female,1.06557377
Jamie,Moyle,61,115,65,4,3,0,7,0.571428571,female,1.06557377
Bea,Malecki,69,135,74,3,0,0,3,1,female,1.072463768
Ji Yeon,Kim,67,125,72,9,2,2,13,0.769230769,female,1.074626866
Duda,Santana,67,145,73,3,1,0,4,0.75,female,1.089552239
